student,social,gender,take_exam,Fi,CBi,Vi,MApi,PApi,total_time,total_activity,qp_time,wa_time,qp_activity,wa_activity,total_time_be,total_activity_be,pretest,posttest,exam_norm,lgain_pp,lgain_pe
user0003,0,1,0,0.5,0.4,0.87,0.33,0,37,1,37,0,1,0,37,1,0.27,0.0,0.0,-0.36986301369863017,-0.36986301369863017
user0004,0,1,1,0.42,0.4,0.47,0.44,0.67,837,35,549,288,11,24,161,13,0.0,0.73,0.9,0.73,0.9
user0005,0,1,1,0.75,0.8,1,0.89,0.33,35,4,19,16,1,3,35,4,0.64,1.0,0.9,1.0,0.7222222222222223
user0006,0,1,1,0.58,0.05,0.8,0.67,0.56,0,0,0,0,0,0,0,0,0.09,0.0,0.71,-0.0989010989010989,0.6813186813186813
user0007,0,1,1,0.58,0.15,0.67,0.67,0.67,0,0,0,0,0,0,0,0,0.09,1.0,0.81,1.0,0.7912087912087913
user0008,0,1,1,0.67,0.7,0.67,0.89,0.33,12859,830,7540,5319,106,724,4857,334,0.45,0.64,1.0,0.3454545454545454,1.0
user0009,0,1,1,0.58,0.65,0.8,0.78,0,3874,731,2646,1228,99,632,952,93,0.09,0.0,0.88,-0.0989010989010989,0.8681318681318682
user0010,0,1,1,0.83,0.85,0.67,0.83,0.89,1793,110,821,972,23,87,1793,110,0.18,0.0,0.85,-0.2195121951219512,0.8170731707317072
user0011,0,1,1,0.58,0.45,0.67,0.61,0.22,3201,263,1377,1824,27,236,3201,263,0.27,0.82,0.87,0.7534246575342465,0.821917808219178
user0012,0,1,1,0.42,0.3,0.4,0.67,0.67,0,0,0,0,0,0,0,0,0.18,0.36,0.33,0.2195121951219512,0.1829268292682927
user0013,0,1,0,0.33,0.55,0.53,0.67,0.5,0,0,0,0,0,0,0,0,0.09,0.0,0.0,-0.0989010989010989,-0.0989010989010989
user0015,0,1,1,0.58,0.85,0.73,0.78,0.83,0,0,0,0,0,0,0,0,0.27,0.0,0.85,-0.36986301369863017,0.7945205479452054
user0016,0,1,1,1,0.9,0.93,0.89,0.61,0,0,0,0,0,0,0,0,0.18,0.0,0.6,-0.2195121951219512,0.5121951219512194
user0017,0,0,1,0.33,0.35,0.6,0.56,0.17,1710,137,1210,500,27,110,1710,137,0.09,0.73,0.91,0.7032967032967032,0.9010989010989011
user0018,0,1,1,0.5,0.35,0.87,0.78,0.56,0,0,0,0,0,0,0,0,0.09,0.27,0.84,0.19780219780219782,0.8241758241758241
user0019,0,0,0,0.67,0.6,0.67,0.72,0.67,622,50,393,229,9,41,622,50,0.55,0.0,0.0,-1.2222222222222225,-1.2222222222222225
user0020,0,1,1,0.58,0.6,0.73,0.67,0.33,8149,747,5472,2677,129,618,8149,747,0.27,0.91,0.93,0.8767123287671234,0.904109589041096
user0021,0,1,1,0.67,0.65,1,0.94,0.83,0,0,0,0,0,0,0,0,0.18,0.0,0.93,-0.2195121951219512,0.9146341463414633
user0022,0,1,1,0.33,0.2,0.93,0.5,0,16882,559,10537,6345,160,399,1254,27,0.27,0.55,0.52,0.3835616438356165,0.3424657534246575
user0023,0,0,1,0.67,0.7,0.93,0.78,0.72,0,0,0,0,0,0,0,0,0.36,0.55,0.87,0.2968750000000001,0.796875
user0024,1,1, ,1,0.65,0.87,1,0.67,1706,185,1295,411,24,161,0,0,0.0,0.0,0.0,0.0,0.0
user0025,0,1,1,0.67,0.3,1,1,0,1953,125,1562,391,26,99,0,0,0.09,0.0,0.69,-0.0989010989010989,0.6593406593406593
user0026,0,1,1,0.83,0.5,0.67,0.67,0.67,2808,53,2797,11,50,3,51,1,0.09,0.55,0.91,0.5054945054945056,0.9010989010989011
user0027,0,1,1,0.58,0.65,0.67,0.78,0.67,203,81,69,134,3,78,0,0,0.27,0.64,0.94,0.5068493150684932,0.9178082191780821
user0028,0,1,1,0.58,0.5,1,0.72,0.44,0,0,0,0,0,0,0,0,0.27,0.0,0.89,-0.36986301369863017,0.8493150684931507
user0029,0,1,1,0.67,0.45,1,0.89,0.94,5037,381,1811,3226,33,348,3570,266,0.27,0.91,0.99,0.8767123287671234,0.9863013698630136
user0030,0,1,1,0.42,0.5,0.73,0.5,0.39,843,154,574,269,20,134,843,154,0.09,0.82,0.7,0.8021978021978021,0.6703296703296703
user0031,0,1,0,0.58,0.25,0.67,0.67,0.67,0,0,0,0,0,0,0,0,0.36,0.0,0.0,-0.5625,-0.5625
user0032,0,1,1,0.5,0.15,0.8,0.67,0.44,614,108,482,132,23,85,614,108,0.09,0.0,0.65,-0.0989010989010989,0.6153846153846154
user0033,0,0,1,0.67,0.4,0.87,0.61,0.78,0,0,0,0,0,0,0,0,0.0,0.09,0.75,0.09,0.75
user0034,0,1,1,0.5,0.6,0.6,0.89,0.83,2460,94,2418,42,74,20,122,5,0.18,0.82,1.0,0.7804878048780486,1.0
user0035,0,0,1,0.33,0.55,0.6,0.5,0.5,123,10,99,24,2,8,123,10,0.36,0.36,0.58,0.0,0.34374999999999994
user0036,0,1,1,0.92,0.75,0.73,0.89,0.67,5206,322,3962,1244,72,250,5206,322,0.18,0.91,1.0,0.8902439024390243,1.0
user0037,0,1,1,0.58,0.5,0.8,0.83,0.83,1302,113,1025,277,26,87,577,13,0.0,0.82,0.97,0.82,0.97
user0038,0,1,1,0.33,0.3,0.53,0.5,0.61,0,0,0,0,0,0,0,0,0.09,0.18,0.51,0.0989010989010989,0.46153846153846156
user0039,0,1,1,0.5,0.7,0.73,0.94,1,0,0,0,0,0,0,0,0,0.64,0.18,0.82,-1.277777777777778,0.49999999999999983
user0040,0,0,1,0.42,0.1,0.27,0.44,0.44,0,0,0,0,0,0,0,0,0.27,0.91,0.96,0.8767123287671234,0.9452054794520548
user0041,0,1,1,0.83,0.9,1,0.83,1,0,0,0,0,0,0,0,0,0.09,0.0,0.57,-0.0989010989010989,0.5274725274725275
user0042,0,1,1,0.25,0.45,0.53,0.56,0.17,8207,892,4685,3522,132,760,2712,353,0.09,1.0,0.87,1.0,0.8571428571428571
user0044,0,0,1,0.58,0.45,0.67,0.67,0.67,0,0,0,0,0,0,0,0,0.09,0.0,0.54,-0.0989010989010989,0.4945054945054946
user0045,1,1, ,0.83,0.55,0.73,0.72,0.72,8836,1060,6746,2090,331,729,2006,268,0.0,0.0,0.0,0.0,0.0
user0046,0,0,1,0.5,0.45,0.6,0.5,0.44,0,0,0,0,0,0,0,0,0.09,0.82,0.95,0.8021978021978021,0.945054945054945
user0047,0,1,1,0.5,0.3,0.53,0.33,0.5,0,0,0,0,0,0,0,0,0.09,0.73,0.69,0.7032967032967032,0.6593406593406593
user0048,0,1,1,0.33,0.35,0.73,0.56,0.5,0,0,0,0,0,0,0,0,0.09,0.09,0.46,0.0,0.4065934065934066
user0049,0,1,1,0.75,0.65,1,0.78,0.67,4238,489,2683,1555,76,413,2760,304,0.36,0.91,0.8,0.859375,0.6875000000000001
user0050,0,1,1,0.33,0.45,0.47,0.44,0.56,4427,850,2483,1944,82,768,37,1,0.09,0.27,0.81,0.19780219780219782,0.7912087912087913
user0051,0,1,1,0.58,0.25,0.6,0.72,0.94,415,11,415,0,11,0,0,0,0.09,0.64,0.91,0.6043956043956045,0.9010989010989011
user0052,0,1,1,0.92,0.9,0.93,0.83,0.83,349,82,154,195,7,75,349,82,0.91,0.91,0.95,0.0,0.44444444444444375
user0053,0,1,1,0.5,0.55,0.73,0.83,0.5,1777,281,1374,403,35,246,137,3,0.18,0.91,0.9,0.8902439024390243,0.8780487804878048
user0054,0,0,1,0.58,0.6,0.6,0.61,0.61,0,0,0,0,0,0,0,0,0.36,0.27,0.8,-0.14062499999999994,0.6875000000000001
user0055,0,1,1,0.5,0.45,0.33,0.56,0.61,987,124,811,176,33,91,987,124,0.18,0.0,0.66,-0.2195121951219512,0.5853658536585366
user0056,0,0,1,0.58,0.55,0.47,0.72,0.78,2469,116,2240,229,59,57,1139,87,0.0,0.73,0.77,0.73,0.77
user0057,0,1,1,0.67,0.8,0.8,0.72,0,0,0,0,0,0,0,0,0,0.64,0.73,0.71,0.24999999999999992,0.1944444444444443
user0058,0,1,1,0.58,0.55,0.53,0.72,0.56,0,0,0,0,0,0,0,0,0.18,0.09,0.34,-0.1097560975609756,0.19512195121951223
user0059,0,1,1,0.75,0.6,0.53,0.83,0,5438,441,4635,803,83,358,0,0,0.09,0.36,0.66,0.2967032967032967,0.6263736263736264
user0060,0,1,1,0.5,0.6,0.67,0.56,0.67,123,5,116,7,4,1,0,0,0.18,0.91,0.95,0.8902439024390243,0.9390243902439024
user0061,0,1,1,0.33,0,0.6,0.56,0.44,0,0,0,0,0,0,0,0,0.09,0.09,0.89,0.0,0.8791208791208791
user0062,0,1,1,0.33,0.65,0.8,0.72,0.83,559,88,428,131,13,75,559,88,0.45,0.64,0.94,0.3454545454545454,0.8909090909090908
user0063,0,1,1,0.42,0.65,0.67,0.67,0.67,0,0,0,0,0,0,0,0,0.27,0.0,0.8,-0.36986301369863017,0.726027397260274
user0064,0, ,1, , , , , ,0,0,0,0,0,0,0,0,0.0,0.82,0.68,0.82,0.68
user0065,0,1,1,0.5,0.45,0.67,0.5,0.61,1225,238,864,361,35,203,820,197,0.09,0.0,0.76,-0.0989010989010989,0.7362637362637363
user0066,0,1,1,0.58,0.4,0.73,0.78,0.56,0,0,0,0,0,0,0,0,0.18,0.09,0.57,-0.1097560975609756,0.4756097560975609
user0067,0,1,1,0.58,0.55,0.93,0.72,0.83,1392,176,864,528,28,148,0,0,0.45,0.45,0.95,0.0,0.909090909090909
user0068,0,1,1,0.67,0.6,0.93,0.67,0.67,0,0,0,0,0,0,0,0,0.27,0.82,0.87,0.7534246575342465,0.821917808219178
user0069,0,1,0,0.67,0.5,0.8,0.56,0.61,0,0,0,0,0,0,0,0,0.27,0.0,0.0,-0.36986301369863017,-0.36986301369863017
user0070,0,1,1,0.5,0.7,0.93,1,0.56,26628,997,9738,16890,84,913,0,0,0.27,0.91,0.6,0.8767123287671234,0.4520547945205479
user0071,0,1,1,0,0.25,0.33,0.5,0.5,0,0,0,0,0,0,0,0,0.0,0.27,0.74,0.27,0.74
user0072,0,0,1,0.25,0.35,0.6,0.61,0.5,0,0,0,0,0,0,0,0,0.18,0.64,0.72,0.5609756097560975,0.6585365853658537
user0073,0,1,1,0.58,0.3,0.67,0.78,0.39,0,0,0,0,0,0,0,0,0.09,0.09,0.85,0.0,0.8351648351648352
user0074,0,1,0,0.25,0.6,0.6,0.06,0.06,0,0,0,0,0,0,0,0,0.18,0.0,0.0,-0.2195121951219512,-0.2195121951219512
user0075,0,1,1,0.75,0.6,1,0.94,0.94,0,0,0,0,0,0,0,0,0.55,0.64,0.78,0.19999999999999996,0.5111111111111111
user0076,0,1,1,0.5,0.75,0.67,0.83,0.67,0,0,0,0,0,0,0,0,0.45,0.82,0.84,0.6727272727272726,0.709090909090909
user0077,0,1,1,0.25,0.45,0.6,0.78,0.89,8243,83,8243,0,83,0,0,0,0.09,0.64,0.7,0.6043956043956045,0.6703296703296703
user0078,0, ,1, , , , , ,0,0,0,0,0,0,0,0,0.0,1.0,0.98,1.0,0.98
user0079,0,1,1,0.33,0.3,0.33,0.67,0.67,1541,294,1073,468,34,260,0,0,0.18,0.64,0.88,0.5609756097560975,0.8536585365853657
user0080,0,0,0,0.33,0.25,0.6,0.39,0.39,0,0,0,0,0,0,0,0,0.18,0.0,0.0,-0.2195121951219512,-0.2195121951219512
user0081,0,1,1,0.5,0.75,0.93,0.83,0.61,0,0,0,0,0,0,0,0,0.18,0.91,0.91,0.8902439024390243,0.8902439024390243
user0082,0,1,1,0.5,0.65,0.47,0.67,0.67,405,6,405,0,6,0,0,0,0.27,0.64,0.53,0.5068493150684932,0.35616438356164387
user0083,0,1,1,0.5,0.65,0.8,0.61,0.83,0,0,0,0,0,0,0,0,0.09,0.82,0.89,0.8021978021978021,0.8791208791208791
user0084,0,0,1,0.75,0.35,0.93,0.94,0.5,2020,265,1594,426,51,214,2020,265,0.0,0.0,0.81,0.0,0.81
user0085,0,1,0,0.42,0.6,0.67,0.67,0.44,31,2,31,0,2,0,31,2,0.45,0.0,0.0,-0.8181818181818181,-0.8181818181818181
user0086,0,1,1,0.67,0.65,0.93,0.72,0.33,0,0,0,0,0,0,0,0,0.27,0.91,0.88,0.8767123287671234,0.8356164383561644
user0088,0, ,1, , , , , ,10004,1040,6640,3364,279,761,2747,201,0.0,0.73,0.68,0.73,0.68
user0089,0, ,0, , , , , ,0,0,0,0,0,0,0,0,0.0,0.0,0.0,0.0,0.0
user0091,1, ,1, , , , , ,0,0,0,0,0,0,0,0,0.0,0.0,0.29,0.0,0.29
user0128,0,1,0,0.42,0.45,0.6,0.78,0.67,1264,67,484,780,12,55,1264,67,0.09,0.0,0.0,-0.0989010989010989,-0.0989010989010989
user0129,0,1,1,0.58,0.65,0.8,0.78,0.78,0,0,0,0,0,0,0,0,0.09,0.55,0.84,0.5054945054945056,0.8241758241758241
user0130,0,1,1,0.58,0.7,0.93,1,0.5,471,56,402,69,20,36,0,0,0.18,0.91,0.89,0.8902439024390243,0.8658536585365852
user0131,0,1,1,0.5,0.4,0.67,0.61,0.61,2616,236,1898,718,31,205,803,103,0.18,0.64,0.92,0.5609756097560975,0.9024390243902438
user0132,0,1,1,0.67,0.5,0.8,0.83,0.61,1180,46,1104,76,27,19,0,0,0.18,0.91,1.0,0.8902439024390243,1.0
user0133,0,1,1,0.75,0.8,0.8,0.78,0.67,0,0,0,0,0,0,0,0,0.27,0.82,0.72,0.7534246575342465,0.6164383561643835
user0134,0,1,1,0.5,0.5,0.67,0.5,0.5,0,0,0,0,0,0,0,0,0.09,0.0,0.89,-0.0989010989010989,0.8791208791208791
user0135,0,1,1,0.58,0.35,0.67,0.56,0.5,2358,97,2224,134,44,53,0,0,0.09,0.91,0.89,0.9010989010989011,0.8791208791208791
user0136,0,1,1,0.67,0.3,0.67,0.44,0.5,232,9,216,16,6,3,232,9,0.09,0.55,0.84,0.5054945054945056,0.8241758241758241
user0137,0,1,1,0.42,0.5,0.6,0.61,0.44,128,15,0,128,0,15,128,15,0.27,0.45,0.96,0.2465753424657534,0.9452054794520548
user0138,0,1,1,0.58,0.75,0.73,0.89,0,4687,351,3810,877,81,270,4687,351,0.09,0.91,0.88,0.9010989010989011,0.8681318681318682
user0139,0,1,0,0.5,0.15,0.6,0.67,0.56,0,0,0,0,0,0,0,0,0.09,0.0,0.0,-0.0989010989010989,-0.0989010989010989
user0140,0,1,0,0.67,0.9,0.73,0.61,0,0,0,0,0,0,0,0,0,0.36,0.0,0.0,-0.5625,-0.5625
user0141,0,1,1,0.67,0.65,0.73,0.83,1,2571,155,2283,288,37,118,2571,155,0.18,0.73,0.97,0.6707317073170732,0.9634146341463414
user0142,0,1,1,0.5,0.7,0.6,0.83,0.83,63,4,63,0,4,0,0,0,0.09,0.09,0.94,0.0,0.934065934065934
user0143,0,1,1,0.5,0.7,0.67,0.44,0.67,0,0,0,0,0,0,0,0,0.82,0.0,0.91,-4.5555555555555545,0.5000000000000003
user0144,0,1,1,0.58,0.6,0.93,0.94,0.61,0,0,0,0,0,0,0,0,0.27,0.0,0.62,-0.36986301369863017,0.4794520547945205
user0145,0,1,1,0.5,0.45,0.6,0.83,0.83,4567,610,2166,2401,80,530,2344,299,0.0,0.64,0.87,0.64,0.87
user0146,0,1,1,0.5,0.45,0.67,0.67,0.5,65,2,65,0,2,0,0,0,0.09,0.55,0.8,0.5054945054945056,0.7802197802197802
user0147,0,1,0,0.83,0.6,0.8,0.89,0.67,0,0,0,0,0,0,0,0,0.64,0.0,0.0,-1.777777777777778,-1.777777777777778
user0148,0,0,0,0.58,0.6,0.93,0.89,0,0,0,0,0,0,0,0,0,0.36,0.0,0.0,-0.5625,-0.5625
user0149,0,0,1,0.92,0.5,0.93,0.83,0.28,3637,180,3272,365,84,96,3637,180,0.18,0.55,0.69,0.45121951219512196,0.6219512195121951
user0150,0,1,1,0.58,0.8,0.67,0.72,0.83,149,3,149,0,3,0,0,0,0.55,0.91,0.88,0.8,0.7333333333333333
user0151,0,0,1,0.42,0.4,0.33,0.78,0.61,4633,636,3683,950,125,511,3352,409,0.09,0.45,0.72,0.3956043956043956,0.6923076923076923
user0152,0,0,1,0.5,0.5,0.8,0.78,0.67,2937,232,1418,1519,25,207,2130,190,0.27,0.91,0.97,0.8767123287671234,0.958904109589041
user0153,0,1,1,0.42,0.4,0.6,0.72,0.67,2560,179,2106,454,41,138,454,128,0.27,0.64,0.87,0.5068493150684932,0.821917808219178
user0154,0,1,1,0.58,0.65,0.6,0.72,0.72,10758,513,9670,1088,188,325,0,0,0.36,0.73,0.63,0.578125,0.421875
user0155,0,0,0,0.83,0.25,0.93,1,0.67,0,0,0,0,0,0,0,0,0.09,0.18,0.0,0.0989010989010989,-0.0989010989010989
user0156,0,1,1,0.5,0.25,0.6,0.61,0.5,1336,141,1114,222,40,101,0,0,0.09,0.27,0.69,0.19780219780219782,0.6593406593406593
user0157,0,1,1,0.67,0.5,0.67,0.72,0.61,0,0,0,0,0,0,0,0,0.45,0.64,0.89,0.3454545454545454,0.7999999999999999
user0158,0,1,1,0.33,0.4,0.53,0.67,0.56,354,25,277,77,9,16,0,0,0.18,0.73,0.77,0.6707317073170732,0.7195121951219513
user0159,0,1,1,0.33,0.8,0.47,0.44,0.22,0,0,0,0,0,0,0,0,0.27,1.0,1.0,1.0,1.0
user0160,0,1,1,0.58,0.6,0.6,0.83,0.83,2441,455,1718,723,84,371,1130,233,0.27,0.36,0.95,0.12328767123287668,0.9315068493150684
user0161,0,1,1,0.67,0.65,0.67,0.72,0.61,0,0,0,0,0,0,0,0,0.45,0.0,0.53,-0.8181818181818181,0.14545454545454548
user0162,0,1,1,0.5,0.65,0.67,0.89,0.94,0,0,0,0,0,0,0,0,0.0,0.0,0.84,0.0,0.84
user0163,0,1,1,0.67,0.7,1,0.72,0.72,1341,119,1036,305,16,103,0,0,0.09,0.0,0.98,-0.0989010989010989,0.978021978021978
user0164,0,1,1,0.5,0.35,0.6,1,0.94,6720,662,3015,3705,74,588,6720,662,0.18,0.73,0.99,0.6707317073170732,0.9878048780487805
user0165,0,1,1,0.5,0.5,0.33,0.56,0.5,438,5,427,11,3,2,438,5,0.0,0.0,0.83,0.0,0.83
user0166,0,1,1,0.83,0.35,0.93,0.83,0.83,5991,235,4842,1149,78,157,0,0,0.09,0.0,0.87,-0.0989010989010989,0.8571428571428571
user0167,0,0,1,0.75,0.75,0.67,0.78,0.67,4953,731,3563,1390,108,623,2152,360,1.0,0.73,0.99,-inf,-inf
user0168,0, ,0, , , , , ,0,0,0,0,0,0,0,0,0.0,0.0,0.0,0.0,0.0
user0169,0,1,1,0.67,0.95,1,1,1,155,3,155,0,3,0,155,3,0.18,0.0,0.77,-0.2195121951219512,0.7195121951219513
user0170,0,1,1,1,0.9,1,0.94,0.67,1281,173,439,842,14,159,1281,173,0.82,0.82,0.97,0.0,0.8333333333333333
user0171,0,0,1,0.67,0.8,0.8,0.78,0.5,4259,270,3644,615,47,223,2059,112,0.18,0.73,0.97,0.6707317073170732,0.9634146341463414
user0172,0,1,1,0.58,0.65,0.73,0.78,0.5,0,0,0,0,0,0,0,0,0.27,0.73,0.95,0.6301369863013698,0.9315068493150684
user0173,0,1,1,0.42,0.55,0.6,0.78,0.72,1211,164,877,334,22,142,929,81,0.18,1.0,0.65,1.0,0.573170731707317
user0174,0,1,1,0.67,0.5,0.6,0.56,0.67,0,0,0,0,0,0,0,0,0.09,0.73,0.69,0.7032967032967032,0.6593406593406593
user0175,0,0,1,0.42,0.5,0.53,0.61,0.72,0,0,0,0,0,0,0,0,0.18,0.45,0.8,0.32926829268292684,0.7560975609756099
user0176,0,1,1,0.58,0.7,0.93,0.78,0.67,3438,644,2355,1083,186,458,3438,644,0.64,0.0,0.76,-1.777777777777778,0.3333333333333333
user0177,0,1,0,0.33,0.4,0.6,0.67,0.67,0,0,0,0,0,0,0,0,0.0,0.09,0.0,0.09,0.0
user0178,0,0,1,0.58,0.5,0.67,0.67,0.5,4799,214,4111,688,76,138,0,0,0.09,0.18,0.73,0.0989010989010989,0.7032967032967032
user0179,0,1,1,0.58,0.45,0.87,0.5,0.39,770,100,639,131,15,85,0,0,0.09,0.45,0.84,0.3956043956043956,0.8241758241758241
user0180,0, ,0, , , , , ,0,0,0,0,0,0,0,0,0.64,0.0,0.0,-1.777777777777778,-1.777777777777778
user0181,0,1,1,0.58,0.6,0.67,0.78,0.67,711,197,401,310,16,181,188,17,0.55,0.0,0.93,-1.2222222222222225,0.8444444444444446
user0182,0,1,1,0.42,0.65,0.53,0.44,0.06,0,0,0,0,0,0,0,0,0.45,0.82,0.83,0.6727272727272726,0.6909090909090908
user0183,0,1,1,0.5,0.4,0.53,0.78,0.67,727,89,568,159,8,81,727,89,0.18,0.0,0.91,-0.2195121951219512,0.8902439024390243
user0184,0,1,0,0.83,1,0.93,0.5,0.67,0,0,0,0,0,0,0,0,0.73,0.0,0.0,-2.7037037037037033,-2.7037037037037033
user0185,0,1,1,0.33,0.25,0.33,0.17,0.17,543,220,0,543,0,220,0,0,0.09,0.64,0.56,0.6043956043956045,0.5164835164835165
user0186,0, ,0, , , , , ,0,0,0,0,0,0,0,0,0.0,0.0,0.0,0.0,0.0
user0187,0,1,1,0.58,0.4,0.67,0.67,0.72,0,0,0,0,0,0,0,0,0.09,0.0,0.22,-0.0989010989010989,0.14285714285714285
user0188,0,0,1,0.58,0.65,0.67,0.78,0.72,56,3,56,0,3,0,0,0,0.09,0.0,0.48,-0.0989010989010989,0.42857142857142855
user0189,0,1,1,0.67,0.75,0.73,0.72,0.67,1320,260,888,432,19,241,0,0,0.27,1.0,0.92,1.0,0.8904109589041096
user0190,0,1,1,0.33,0.5,0.53,0.17,0.11,0,0,0,0,0,0,0,0,0.18,0.0,0.45,-0.2195121951219512,0.32926829268292684
user0191,0,0,1,0.08,0.05,0.73,0.78,0.89,396,25,396,0,25,0,0,0,0.09,0.55,0.48,0.5054945054945056,0.42857142857142855
user0192,0,1,1,0.67,0.75,0.73,0.72,0.67,67,6,0,67,0,6,0,0,0.09,0.55,0.7,0.5054945054945056,0.6703296703296703
user0193,0,0,1,0.58,0.5,0.93,0.78,0.5,2114,45,2043,71,37,8,0,0,0.0,0.45,0.75,0.45,0.75
user0194,0,1,1,0.5,0.3,0.4,0.61,0.22,0,0,0,0,0,0,0,0,0.18,0.55,0.85,0.45121951219512196,0.8170731707317072
user0196,0,1,1,0.5,0.65,0.6,0.44,0.44,0,0,0,0,0,0,0,0,0.09,0.0,0.63,-0.0989010989010989,0.5934065934065934
user0197,0,1,1,0.92,0.7,1,0.89,0.61,478,62,346,132,17,45,0,0,1.0,0.82,0.8,-inf,-inf
user0198,0,1,0,0.58,0,0.8,0.89,0.56,0,0,0,0,0,0,0,0,0.09,0.0,0.0,-0.0989010989010989,-0.0989010989010989
user0199,0,1,1,0.5,0.5,0.67,0.67,0.72,2703,196,1762,941,44,152,2703,196,0.27,0.45,0.99,0.2465753424657534,0.9863013698630136
user0200,0,1,1,0.58,0.25,0.6,0.67,0.67,0,0,0,0,0,0,0,0,0.09,0.18,0.49,0.0989010989010989,0.43956043956043955
user0201,0,1,1,0.67,0.35,0.8,0.72,0.44,0,0,0,0,0,0,0,0,0.18,0.64,0.77,0.5609756097560975,0.7195121951219513
user0202,0,1,1,0.5,0.55,0.73,0.61,0.61,0,0,0,0,0,0,0,0,0.18,0.55,0.63,0.45121951219512196,0.548780487804878
user0204,0,1,1,0.58,0.55,0.67,0.83,0.83,0,0,0,0,0,0,0,0,0.0,0.36,0.71,0.36,0.71
user0205,0,1,1,0.58,0.45,0.67,0.56,0.44,2858,59,2793,65,47,12,0,0,0.18,0.82,0.85,0.7804878048780486,0.8170731707317072
user0206,0,0,0,0.75,0.7,0.67,0.83,0.83,129,22,63,66,4,18,129,22,0.18,0.0,0.0,-0.2195121951219512,-0.2195121951219512
user0207,0,1,0,0.83,0.45,0.87,0.67,0.28,0,0,0,0,0,0,0,0,0.0,0.0,0.0,0.0,0.0
user0208,0,1,1,0.67,0.15,0.93,0.94,0,0,0,0,0,0,0,0,0,0.09,0.64,0.62,0.6043956043956045,0.5824175824175825
user0209,0,1,0,0.67,0.75,0.8,1,1,0,0,0,0,0,0,0,0,0.55,0.0,0.0,-1.2222222222222225,-1.2222222222222225
user0210,0,0,0,0.33,0.45,0.67,0.67,0.67,594,27,456,138,14,13,594,27,0.18,0.0,0.0,-0.2195121951219512,-0.2195121951219512
user0211,0,1,0,0.5,0.45,0.67,0.44,0.44,0,0,0,0,0,0,0,0,0.18,0.0,0.0,-0.2195121951219512,-0.2195121951219512
user0212,0, ,0, , , , , ,0,0,0,0,0,0,0,0,0.0,0.0,0.0,0.0,0.0
user0213,0, ,1, , , , , ,0,0,0,0,0,0,0,0,0.0,0.55,0.84,0.55,0.84
user0214,0, ,0, , , , , ,0,0,0,0,0,0,0,0,0.0,0.0,0.0,0.0,0.0
user0216,1, , , , , , , ,0,0,0,0,0,0,0,0,0.0,0.0,0.0,0.0,0.0
user0253,0,1,1,0.58,0.7,0.67,0.56,0.44,66,6,54,12,4,2,0,0,0.09,0.18,0.58,0.0989010989010989,0.5384615384615384
user0254,0,1,1,0.83,0.85,0.93,0.94,0.5,3093,345,2249,844,44,301,3093,345,0.27,0.0,0.98,-0.36986301369863017,0.9726027397260274
user0255,0,1,1,0.67,0.65,0.8,0.67,0.28,3136,88,3079,57,72,16,3136,88,0.27,0.0,0.81,-0.36986301369863017,0.7397260273972603
user0256,0,1,1,0.58,0.7,0.6,0.83,0.78,0,0,0,0,0,0,0,0,0.09,0.73,0.68,0.7032967032967032,0.6483516483516484
user0257,0,1,1,0.58,0,0.6,0.72,0.17,27,2,27,0,2,0,27,2,0.09,0.73,0.93,0.7032967032967032,0.9230769230769231
user0258,0,1,1,0.5,0.55,0.8,0.94,0.67,0,0,0,0,0,0,0,0,0.27,1.0,0.94,1.0,0.9178082191780821
user0259,0,1,1,1,0.75,1,0.83,0.83,0,0,0,0,0,0,0,0,0.82,0.91,0.9,0.5000000000000003,0.4444444444444447
user0260,0, ,1, , , , , ,0,0,0,0,0,0,0,0,0.0,0.0,0.83,0.0,0.83
user0261,0,1,1,0.58,0.55,0.73,0.83,0.56,0,0,0,0,0,0,0,0,1.0,0.73,1.0,-inf,
user0262,0,1,1,0.75,1,0.67,1,1,1011,195,665,346,26,169,1011,195,1.0,1.0,0.96,,-inf
user0263,0,1,1,0.67,0.55,0.53,0.56,0.61,81,26,0,81,0,26,0,0,0.09,0.09,0.5,0.0,0.45054945054945056
user0264,0,0,1,0.67,0.6,0.67,0.78,0.78,2026,165,1620,406,34,131,0,0,0.09,0.09,0.7,0.0,0.6703296703296703
user0265,0,1,1,0.5,0.55,0.67,0.72,0.61,621,36,489,132,18,18,279,17,0.18,0.27,0.89,0.10975609756097564,0.8658536585365852
user0266,0,1,1,0.58,0.65,0.8,0.61,0.83,0,0,0,0,0,0,0,0,0.09,0.36,0.85,0.2967032967032967,0.8351648351648352
user0267,0,1,0,0.75,0.7,0.73,0.83,0.83,0,0,0,0,0,0,0,0,0.09,0.0,0.0,-0.0989010989010989,-0.0989010989010989
user0268,0,1,1,1,0.6,1,0.94,0.61,1429,44,1429,0,44,0,1429,44,0.09,0.55,0.88,0.5054945054945056,0.8681318681318682
user0269,0,1,1,0.33,0.65,0.53,0.44,0,0,0,0,0,0,0,0,0,0.27,0.36,0.62,0.12328767123287668,0.4794520547945205
user0270,0,1,1,0.5,0.4,0.53,0.56,0.17,2666,272,1379,1287,31,241,2093,266,0.36,0.0,0.87,-0.5625,0.796875
user0271,0,1,1,0.58,0.55,0.87,0.78,0.78,417,83,249,168,9,74,417,83,0.18,0.73,0.93,0.6707317073170732,0.9146341463414633
user0272,0,1,1,0.67,0.35,0.67,0.61,0.56,3962,321,2944,1018,52,269,578,96,0.27,1.0,0.94,1.0,0.9178082191780821
user0273,0,1,1,0.5,0.15,0.53,0.56,0.61,1321,234,732,589,24,210,1321,234,0.0,0.55,0.93,0.55,0.93
user0274,0,1,1,0.83,1,0.93,1,1,2236,453,1380,856,53,400,2236,453,1.0,0.91,0.99,-inf,-inf
user0276,0,0,1,0.5,0.4,0.6,0.56,0.67,1806,237,999,807,25,212,1806,237,0.18,0.82,1.0,0.7804878048780486,1.0
user0277,0,0,1,0.5,0.25,0.67,0.44,0.17,1013,249,617,396,22,227,0,0,0.09,0.18,0.76,0.0989010989010989,0.7362637362637363
user0278,0,0,1,0.67,0.4,0.67,0.72,0.61,504,87,266,238,9,78,504,87,0.0,0.45,0.92,0.45,0.92
user0279,0,1,1,0.58,0.3,0.67,0.72,0.67,400,29,282,118,10,19,400,29,0.27,0.55,0.96,0.3835616438356165,0.9452054794520548
user0280,0,1,1,0.58,0.5,0.8,0.72,0.56,2161,285,628,1533,15,270,2161,285,0.0,0.0,0.45,0.0,0.45
user0281,0,0,1,0.75,0.3,0.73,0.94,0.61,9755,311,5135,4620,57,254,9318,301,0.18,0.64,0.94,0.5609756097560975,0.9268292682926829
user0282,0,1,1,0.42,0.5,0.6,0.56,0.67,10905,1011,8811,2094,197,814,0,0,0.18,0.55,0.69,0.45121951219512196,0.6219512195121951
user0283,0,1,1,0.33,0.25,0.6,0.83,0.83,0,0,0,0,0,0,0,0,0.09,0.45,0.85,0.3956043956043956,0.8351648351648352
user0284,0,1,1,0.58,0,0.67,0.89,0.83,0,0,0,0,0,0,0,0,0.0,0.45,0.96,0.45,0.96
user0285,0,1,1,0.58,0.2,0.6,0.78,0.83,727,108,554,173,26,82,727,108,0.18,0.45,0.89,0.32926829268292684,0.8658536585365852
user0286,0,1,1,0.67,0.75,0.73,0.89,0.89,0,0,0,0,0,0,0,0,0.55,0.0,0.86,-1.2222222222222225,0.6888888888888889
user0287,0,1,1,0.75,0.15,0.87,0.67,0.44,0,0,0,0,0,0,0,0,0.09,0.0,0.7,-0.0989010989010989,0.6703296703296703
user0288,0,1,0,0.5,0.45,0.67,0.67,0.44,0,0,0,0,0,0,0,0,0.09,0.0,0.0,-0.0989010989010989,-0.0989010989010989
user0289,0,0,1,0.5,0.45,0.67,0.33,0.5,1257,100,1039,218,38,62,1257,100,0.27,0.0,0.9,-0.36986301369863017,0.863013698630137
user0290,0,1,1,0.58,0.6,0.73,0.56,0.72,893,189,544,349,19,170,893,189,0.27,0.0,0.91,-0.36986301369863017,0.8767123287671234
user0291,0,0,0,0.58,0.25,0.67,0.83,0.89,0,0,0,0,0,0,0,0,0.0,0.0,0.0,0.0,0.0
user0292,0,1,1,0.67,0.7,1,0.83,0,52,2,52,0,2,0,52,2,0.73,0.0,0.87,-2.7037037037037033,0.5185185185185185
user0293,0,1,1,0.5,0.5,0.53,0.78,0.67,0,0,0,0,0,0,0,0,0.0,0.64,0.93,0.64,0.93
user0294,0,0,1,0.67,0.7,0.73,1,0.67,1035,106,876,159,18,88,1035,106,0.09,0.0,0.57,-0.0989010989010989,0.5274725274725275
user0295,0,1,0,0.58,0.85,1,0.61,0.67,1813,277,1395,418,59,218,458,106,0.73,0.0,0.0,-2.7037037037037033,-2.7037037037037033
user0296,0,1,0,0.58,0.4,0.6,0.61,0.5,0,0,0,0,0,0,0,0,0.18,0.0,0.0,-0.2195121951219512,-0.2195121951219512
user0297,0,1,0,0.25,0.65,0.67,0.61,0.72,0,0,0,0,0,0,0,0,0.27,0.0,0.0,-0.36986301369863017,-0.36986301369863017
user0298,0,1,1,0.33,0.4,0.4,0.83,0.5,3028,214,2874,154,108,106,1627,140,0.0,0.27,0.86,0.27,0.86
user0299,0,1,1,0.58,0.8,0.6,0.61,0.67,2450,331,1922,528,52,279,0,0,0.27,0.91,0.97,0.8767123287671234,0.958904109589041
user0300,0,1,1,0.67,0.8,0.67,0.72,0.83,749,113,431,318,15,98,749,113,0.73,0.73,0.79,0.0,0.2222222222222224
user0301,0,1,1,0.33,0.5,0.6,0.78,0.5,0,0,0,0,0,0,0,0,0.18,0.45,0.67,0.32926829268292684,0.5975609756097561
user0302,0,0,1,0.58,0.55,0.53,0.61,0.5,615,106,458,157,15,91,391,31,0.09,0.55,0.94,0.5054945054945056,0.934065934065934
user0303,0,1,0,0,0.1,0.53,0.11,0.17,0,0,0,0,0,0,0,0,0.0,0.0,0.0,0.0,0.0
user0304,0,1,1,0.58,0.45,0.67,0.67,0.56,957,105,606,351,13,92,0,0,0.36,0.73,0.97,0.578125,0.953125
user0305,0,1,1,0.33,0.75,0.6,0.78,0.83,6535,634,5544,991,134,500,0,0,0.55,0.91,0.92,0.8,0.8222222222222223
user0306,0,1,0,0.58,0.5,0.8,0.61,0.72,0,0,0,0,0,0,0,0,0.27,0.0,0.0,-0.36986301369863017,-0.36986301369863017
user0307,0,1,1,0.58,0.9,0.67,0.89,0.67,0,0,0,0,0,0,0,0,0.73,0.0,0.8,-2.7037037037037033,0.25925925925925947
user0308,0,1,1,0.5,0.6,0.47,0.67,0.5,0,0,0,0,0,0,0,0,0.18,0.73,0.83,0.6707317073170732,0.7926829268292681
user0309,0,0,1,0.58,0.55,0.4,0.78,0.44,67,22,0,67,0,22,0,0,0.09,0.36,0.82,0.2967032967032967,0.8021978021978021
user0310,0,0,1,0.5,0.45,0.6,0.5,0.33,2549,361,1896,653,62,299,0,0,0.18,0.64,0.81,0.5609756097560975,0.7682926829268294
user0311,0,1,1,0.58,0.5,0.73,0.72,0.56,0,0,0,0,0,0,0,0,0.18,0.73,0.93,0.6707317073170732,0.9146341463414633
user0312,0,1,1,0.33,0.5,0.6,0.5,0.5,0,0,0,0,0,0,0,0,0.09,0.82,0.66,0.8021978021978021,0.6263736263736264
user0313,0,1,0,0.67,0.85,0.8,0.94,0.83,1409,169,1038,371,31,138,1409,169,0.18,0.0,0.0,-0.2195121951219512,-0.2195121951219512
user0314,0,1,1,0.58,0.3,0.6,0.78,0.67,355,72,0,355,0,72,355,72,0.18,0.36,0.88,0.2195121951219512,0.8536585365853657
user0315,0,1,1,0.67,0.55,0.8,0.61,1,44,2,44,0,2,0,0,0,0.45,0.73,0.9,0.509090909090909,0.8181818181818181
user0316,0,0,1,0.5,0.4,0.93,0.61,0.83,6846,643,4916,1930,88,555,6846,643,0.27,0.73,0.89,0.6301369863013698,0.8493150684931507
user0317,0,1,0,0.67,0.5,0.67,0.5,0.5,0,0,0,0,0,0,0,0,0.45,0.0,0.0,-0.8181818181818181,-0.8181818181818181
user0318,0, ,1, , , , , ,0,0,0,0,0,0,0,0,0.09,0.0,0.78,-0.0989010989010989,0.7582417582417583
user0319,0,1,1,0.83,0.5,0.6,0.78,0.83,0,0,0,0,0,0,0,0,0.09,0.27,0.43,0.19780219780219782,0.3736263736263736
user0320,0,0,1,0.42,0.15,1,0.5,0.28,2175,139,1608,567,42,97,2175,139,0.18,1.0,0.98,1.0,0.975609756097561
user0321,0,1,1,0.42,0.5,0,0.56,0.83,0,0,0,0,0,0,0,0,0.18,0.0,0.73,-0.2195121951219512,0.6707317073170732
user0322,0,1,1,0.67,0.45,0.87,0.83,0.78,4415,542,3388,1027,77,465,4415,542,0.09,0.82,0.94,0.8021978021978021,0.934065934065934
user0323,0,1,1,0.58,0.45,0.73,0.72,0.17,2750,60,2750,0,60,0,0,0,0.27,0.64,0.89,0.5068493150684932,0.8493150684931507
user0324,0,0,1,0.58,0.5,0.73,0.72,0.39,503,14,495,8,13,1,503,14,0.18,0.55,0.95,0.45121951219512196,0.9390243902439024
user0326,0,1,1,0.58,0.4,0.73,0.72,0.67,1287,36,1287,0,36,0,0,0,0.18,0.82,0.69,0.7804878048780486,0.6219512195121951
user0327,0,1,1,0.42,0.6,0.8,0.67,0.67,25,1,25,0,1,0,0,0,0.64,0.0,0.84,-1.777777777777778,0.5555555555555555
user0328,0,1,1,0.58,0.9,0.6,0.83,0.67,0,0,0,0,0,0,0,0,0.27,0.91,0.81,0.8767123287671234,0.7397260273972603
user0329,0,1,0,0.58,0.5,0.8,0.61,0.33,0,0,0,0,0,0,0,0,0.18,0.0,0.0,-0.2195121951219512,-0.2195121951219512
user0330,0,1,1,0.58,0.5,0.87,0.5,0.5,0,0,0,0,0,0,0,0,0.18,0.0,0.61,-0.2195121951219512,0.5243902439024389
user0331,0,1,0,0.67,0.3,0.93,1,0.89,0,0,0,0,0,0,0,0,0.36,0.0,0.0,-0.5625,-0.5625
user0332,0, ,0, , , , , ,0,0,0,0,0,0,0,0,0.0,0.0,0.0,0.0,0.0
user0333,0,1,1,0.5,0.4,0.87,0.56,0.72,652,59,540,112,17,42,495,57,0.45,0.45,0.94,0.0,0.8909090909090908
user0334,0,1,1,0.33,0.5,0.53,0.39,0.61,109,20,0,109,0,20,109,20,0.18,0.0,0.34,-0.2195121951219512,0.19512195121951223
user0335,0,1,1,0.5,0.2,0.67,0.67,0.56,0,0,0,0,0,0,0,0,0.09,0.18,0.7,0.0989010989010989,0.6703296703296703
user0336,0, ,0, , , , , ,0,0,0,0,0,0,0,0,0.0,0.0,0.0,0.0,0.0
user0337,0, ,1, , , , , ,480,43,363,117,12,31,0,0,0.0,0.55,0.88,0.55,0.88
user0339,0, ,0, , , , , ,0,0,0,0,0,0,0,0,0.0,0.0,0.0,0.0,0.0
user0340,1, ,1, , , , , ,0,0,0,0,0,0,0,0,0.0,0.0,0.84,0.0,0.84
user0341,1, , , , , , , ,0,0,0,0,0,0,0,0,0.0,0.0,0.0,0.0,0.0
user0378,0,1,1,0.58,0.6,0.67,0.61,0.5,0,0,0,0,0,0,0,0,0.27,0.64,0.84,0.5068493150684932,0.7808219178082191
user0379,0,1,1,0.75,0.9,1,0.89,0.83,699,106,417,282,9,97,699,106,0.45,1.0,0.98,1.0,0.9636363636363636
user0380,0,1,1,0.58,0.6,1,0.67,0.5,12330,838,7479,4851,123,715,623,105,0.18,0.91,0.95,0.8902439024390243,0.9390243902439024
user0381,0,1,1,0.5,0.3,0.47,0.44,0.56,2484,330,1963,521,52,278,1479,249,0.18,0.0,0.92,-0.2195121951219512,0.9024390243902438
user0382,0,1,1,0.5,0.45,0.67,0.44,0.39,0,0,0,0,0,0,0,0,0.09,0.73,0.9,0.7032967032967032,0.8901098901098902
user0383,0,1,1,0.67,0.6,0.6,0.78,0.83,745,99,325,420,12,87,745,99,0.18,0.45,0.45,0.32926829268292684,0.32926829268292684
user0385,0,0,1,0.58,0.15,0.47,0.67,0.44,350,6,350,0,6,0,0,0,0.09,0.55,0.51,0.5054945054945056,0.46153846153846156
user0386,0,0,1,0.58,0.2,0.8,0.78,0,0,0,0,0,0,0,0,0,0.09,0.0,0.87,-0.0989010989010989,0.8571428571428571
user0387,0,1,1,0.5,0.35,0.6,0.72,0.72,7385,639,5501,1884,110,529,7385,639,0.27,0.82,0.98,0.7534246575342465,0.9726027397260274
user0388,0,1,1,0.5,0.65,0.6,0.5,0.5,0,0,0,0,0,0,0,0,0.0,0.73,0.95,0.73,0.95
user0389,0,1,1,0.75,0.8,1,0.78,0.83,639,87,344,295,11,76,639,87,0.36,0.73,0.94,0.578125,0.9062499999999999
user0390,0,1,1,1,0.8,1,0.89,0.72,1626,85,1470,156,25,60,1626,85,1.0,0.0,0.9,-inf,-inf
user0391,0,1,0,0.58,0.5,0.67,0.61,0.67,0,0,0,0,0,0,0,0,0.09,0.0,0.0,-0.0989010989010989,-0.0989010989010989
user0392,0,1,1,0.5,0.6,0.87,0.61,0.17,8398,809,4432,3966,104,705,0,0,0.55,0.55,0.98,0.0,0.9555555555555555
user0393,0,1,0,0.58,0.6,0.8,0.83,0.72,0,0,0,0,0,0,0,0,0.0,0.0,0.0,0.0,0.0
user0394,0,0,1,0.5,0.4,0.67,0.67,0.78,2563,338,1641,922,55,283,2563,338,0.18,0.64,0.91,0.5609756097560975,0.8902439024390243
user0395,0,1,1,0.67,0.65,0.87,0.78,0.17,1448,243,997,451,35,208,798,104,0.27,0.0,0.91,-0.36986301369863017,0.8767123287671234
user0396,0,1,1,0.67,0.5,0.73,0.67,0.5,3699,409,2189,1510,78,331,3699,409,0.18,0.82,0.93,0.7804878048780486,0.9146341463414633
user0397,0,0,1,0.25,0.55,0.6,0.67,0.61,2471,140,2285,186,52,88,2298,136,0.18,0.82,0.81,0.7804878048780486,0.7682926829268294
user0398,0,1,1,0.58,0.4,0.67,0.72,0.56,26,2,0,26,0,2,26,2,0.09,0.27,0.82,0.19780219780219782,0.8021978021978021
user0399,0,1,1,0.5,0.7,0.53,0.94,0.33,0,0,0,0,0,0,0,0,0.18,0.36,0.85,0.2195121951219512,0.8170731707317072
user0400,0,1,1,0.42,0.75,1,0.89,0.78,527,74,414,113,19,55,527,74,0.18,0.82,0.64,0.7804878048780486,0.5609756097560975
user0401,0,1,1,0.33,0.3,0.6,0.72,0.78,1006,119,831,175,29,90,0,0,0.09,0.64,0.81,0.6043956043956045,0.7912087912087913
user0402,0,1,1,0.83,0.95,1,0.78,0.83,1154,229,819,335,27,202,0,0,0.18,0.45,0.94,0.32926829268292684,0.9268292682926829
user0403,0,0,1,0.58,0.4,0.67,0.67,0.39,3173,501,1829,1344,61,440,3173,501,0.18,0.73,0.91,0.6707317073170732,0.8902439024390243
user0404,0,1,1,0.5,0.4,0.67,0.67,0.83,18,3,18,0,3,0,18,3,0.09,0.73,0.89,0.7032967032967032,0.8791208791208791
user0405,0,1,1,0.5,0.8,0.93,0.78,0,0,0,0,0,0,0,0,0,0.45,0.0,0.66,-0.8181818181818181,0.38181818181818183
user0406,0,1,1,0.58,0.35,0.67,0.89,1,556,140,425,131,67,73,556,140,0.73,0.91,0.76,0.6666666666666669,0.1111111111111112
user0407,0,1,1,0.83,0.55,0.8,0.72,0.72,0,0,0,0,0,0,0,0,0.45,0.0,0.92,-0.8181818181818181,0.8545454545454545
user0408,0,1,1,0.67,0.5,0.67,0.56,0.5,1533,261,1124,409,54,207,0,0,0.09,0.91,0.92,0.9010989010989011,0.9120879120879122
user0409,0,1,1,0.67,0.25,0.53,0.83,0.72,28,1,28,0,1,0,0,0,0.18,0.36,0.87,0.2195121951219512,0.8414634146341462
user0410,0,1,1,0.67,0.85,0.67,0.83,0.89,0,0,0,0,0,0,0,0,0.55,0.0,0.89,-1.2222222222222225,0.7555555555555555
user0411,0,1,1,0.5,0.5,0.67,0.5,0.33,224,26,158,66,6,20,224,26,0.09,0.64,0.97,0.6043956043956045,0.967032967032967
user0412,0,1,1,0.5,0.95,0.73,0.94,0.67,0,0,0,0,0,0,0,0,0.36,0.0,0.86,-0.5625,0.78125
user0413,0,1,0,0.67,0.45,1,1,1,3039,563,2064,975,47,516,123,6,0.09,0.0,0.0,-0.0989010989010989,-0.0989010989010989
user0414,0,1,0,0.83,0.5,0.87,0.89,0,0,0,0,0,0,0,0,0,0.27,0.0,0.0,-0.36986301369863017,-0.36986301369863017
user0415,0,1,1,0.58,0.35,0.73,0.67,0.61,8759,731,4474,4285,116,615,8637,729,0.09,0.0,0.98,-0.0989010989010989,0.978021978021978
user0416,0,1,1,0.33,0.2,0.6,0.61,0.56,3220,287,2229,991,70,217,2120,176,0.18,0.0,0.83,-0.2195121951219512,0.7926829268292681
user0417,0,0,1,0.67,0.9,0.6,1,0.39,3074,416,1202,1872,21,395,3074,416,0.18,0.91,0.89,0.8902439024390243,0.8658536585365852
user0418,0,1,1,0.42,0.5,0.6,0.67,0.5,0,0,0,0,0,0,0,0,0.36,0.36,0.7,0.0,0.5312499999999999
user0419,0,1,1,0.5,0.5,0.87,0.72,0.67,0,0,0,0,0,0,0,0,0.27,0.36,0.85,0.12328767123287668,0.7945205479452054
user0420,0,0,1,0.5,0.85,0.67,0.94,1,6326,562,4881,1445,94,468,3665,454,0.18,0.82,0.94,0.7804878048780486,0.9268292682926829
user0421,0,1,1,0.5,0.3,0.67,0.5,0.44,0,0,0,0,0,0,0,0,0.0,0.45,0.87,0.45,0.87
user0422,0, ,1, , , , , ,3,1,0,3,0,1,0,0,0.91,0.64,0.84,-3.0000000000000013,-0.7777777777777788
user0423,0,0,1,0.83,0.85,0.73,0.72,0.56,240,14,219,21,6,8,240,14,0.36,0.64,0.94,0.43750000000000006,0.9062499999999999
user0424,0,1,1,0.5,0.75,0.8,0.5,0,0,0,0,0,0,0,0,0,0.73,0.09,0.95,-2.3703703703703702,0.8148148148148147
user0426,0,1,1,0.33,0.35,0.53,0.78,0.44,398,86,280,118,11,75,398,86,0.18,0.91,0.49,0.8902439024390243,0.3780487804878048
user0427,0,0,1,0.67,0.3,1,0.94,0.89,0,0,0,0,0,0,0,0,0.09,0.0,0.76,-0.0989010989010989,0.7362637362637363
user0428,0,0,1,0.5,0.4,0.53,0.78,0.56,0,0,0,0,0,0,0,0,0.0,0.55,0.8,0.55,0.8
user0429,0,0,1,0.67,0.05,0.53,0.67,0.33,0,0,0,0,0,0,0,0,0.18,0.73,0.85,0.6707317073170732,0.8170731707317072
user0430,0,1,1,0.5,0.45,0.67,0.5,0,0,0,0,0,0,0,0,0,0.09,0.0,0.85,-0.0989010989010989,0.8351648351648352
user0431,0,0,1,0.5,0.55,1,0.61,0.5,0,0,0,0,0,0,0,0,0.09,0.45,0.99,0.3956043956043956,0.989010989010989
user0432,0,1,0,0.58,0.65,0.73,0.83,0.94,1002,87,494,508,30,57,1002,87,0.18,0.0,0.0,-0.2195121951219512,-0.2195121951219512
user0433,0,1,0,0.42,0.25,0.33,0.5,0.5,0,0,0,0,0,0,0,0,0.0,0.0,0.0,0.0,0.0
user0434,0,1,1,0.58,0.1,0.8,0.5,0.61,1171,242,824,347,24,218,384,10,0.55,0.55,0.82,0.0,0.5999999999999999
user0435,0,0,1,0.5,0.4,0.53,0.61,0.5,7002,635,5182,1820,86,549,0,0,0.09,1.0,0.9,1.0,0.8901098901098902
user0436,0,1,1,0.33,0.3,0.47,0.28,0.17,6236,746,4527,1709,91,655,0,0,0.36,0.82,0.82,0.7187499999999999,0.7187499999999999
user0437,0,1,1,1,1,1,1,0,2,1,0,2,0,1,2,1,0.36,0.91,0.86,0.859375,0.78125
user0438,0,1,1,0.58,0.55,0.6,0.67,0.83,300,1,300,0,1,0,0,0,0.09,0.18,0.64,0.0989010989010989,0.6043956043956045
user0439,0, ,1, , , , , ,0,0,0,0,0,0,0,0,0.0,0.0,0.8,0.0,0.8
user0440,0,1,1,0.58,0.25,0.67,0.72,0.72,0,0,0,0,0,0,0,0,0.18,0.27,0.58,0.10975609756097564,0.4878048780487804
user0441,0,1,1,0.5,0.1,0.67,0.78,0.67,530,86,404,126,12,74,530,86,0.45,1.0,0.73,1.0,0.509090909090909
user0442,0,1,1,0.58,0.75,0.6,0.67,0.17,9159,206,8683,476,170,36,9159,206,0.64,0.73,0.91,0.24999999999999992,0.7500000000000001
user0443,0,1,1,0.5,0.15,0.8,0.78,0.67,4410,249,3477,933,109,140,0,0,0.18,0.55,0.82,0.45121951219512196,0.7804878048780486
user0444,0,1,0,0.58,0.5,0.6,0.67,0.78,0,0,0,0,0,0,0,0,0.27,0.0,0.0,-0.36986301369863017,-0.36986301369863017
user0445,0,1,1,0.58,0.4,0.6,0.89,0,9203,1048,7326,1877,279,769,0,0,0.18,0.91,0.64,0.8902439024390243,0.5609756097560975
user0446,0,1,1,0.58,0.55,0.73,0.94,0.33,0,0,0,0,0,0,0,0,0.18,0.36,0.95,0.2195121951219512,0.9390243902439024
user0447,0,1,0,0.67,0.55,0.87,0.83,0.67,0,0,0,0,0,0,0,0,0.27,0.0,0.0,-0.36986301369863017,-0.36986301369863017
user0448,0,0,1,0,0.3,0.4,0.56,0.28,14186,826,10562,3624,154,672,0,0,0.0,0.64,0.72,0.64,0.72
user0449,0,1,0,0.67,0.45,0.93,0.89,0.5,0,0,0,0,0,0,0,0,0.09,0.0,0.0,-0.0989010989010989,-0.0989010989010989
user0450,0,1,1,0.17,0.45,0.33,0.44,0.39,3727,238,3048,679,72,166,491,119,0.09,0.18,0.77,0.0989010989010989,0.7472527472527473
user0451,0,1,1,0.25,0.1,0.6,0.33,0.28,3331,104,3295,36,92,12,254,10,0.09,0.45,0.72,0.3956043956043956,0.6923076923076923
user0452,0,1,1,0.67,0.5,0.53,0.67,0.39,2035,51,433,1602,5,46,2035,51,0.09,0.82,0.76,0.8021978021978021,0.7362637362637363
user0453,0,1,1,0.5,0.15,0.53,0.67,0.72,0,0,0,0,0,0,0,0,0.09,0.82,0.98,0.8021978021978021,0.978021978021978
user0454,0,1,1,0.33,0.25,0.53,0.44,0.72,0,0,0,0,0,0,0,0,0.09,0.27,0.37,0.19780219780219782,0.3076923076923077
user0455,0,1,0,0.67,0,1,0.61,0,1205,111,1030,175,23,88,1205,111,0.0,0.0,0.0,0.0,0.0
user0456,0,1,0,0.42,0.35,0.67,0.5,0.11,0,0,0,0,0,0,0,0,0.0,0.0,0.0,0.0,0.0
user0457,0,1,1,0.5,0.5,0.53,0.67,0.67,0,0,0,0,0,0,0,0,0.27,0.91,0.97,0.8767123287671234,0.958904109589041
user0458,0,1,0,0.58,0.8,0.8,0.83,0.33,0,0,0,0,0,0,0,0,0.45,0.0,0.0,-0.8181818181818181,-0.8181818181818181
user0459,0,1,0,0.42,0.25,0.73,0.33,0.22,0,0,0,0,0,0,0,0,0.09,0.0,0.0,-0.0989010989010989,-0.0989010989010989
user0460,0,1,1,0.5,0.2,0.67,0.72,0.67,0,0,0,0,0,0,0,0,0.09,0.0,0.9,-0.0989010989010989,0.8901098901098902
user0461,0, ,1, , , , , ,5000,652,3550,1450,91,561,5000,652,0.82,0.82,0.88,0.0,0.33333333333333354
user0462,0, ,1, , , , , ,14749,760,8617,6132,132,628,0,0,0.0,0.82,0.6,0.82,0.6
user0463,0, ,1, , , , , ,2834,346,2304,530,72,274,0,0,0.0,1.0,0.97,1.0,0.97
user0465,1, ,0, , , , , ,0,0,0,0,0,0,0,0,0.0,0.0,0.0,0.0,0.0
user0503,1,1,0,0.83,1,0.93,0.94,1,0,0,0,0,0,0,0,0,0.36,0.0,0.0,-0.5625,-0.5625
user0504,1,0,1,0.33,0.5,0.87,0.39,0,1737,109,1476,261,33,76,1737,109,0.18,0.64,0.59,0.5609756097560975,0.49999999999999994
user0505,1,1,1,0.58,0.5,0.8,0.44,0.67,0,0,0,0,0,0,0,0,0.09,0.45,0.58,0.3956043956043956,0.5384615384615384
user0506,1,1,1,0.67,0.45,0.67,0.72,0.72,0,0,0,0,0,0,0,0,0.73,0.0,0.78,-2.7037037037037033,0.18518518518518534
user0507,1,0,1,0.58,0.45,0.6,0.72,0,0,0,0,0,0,0,0,0,0.09,0.0,0.28,-0.0989010989010989,0.20879120879120883
user0508,1, ,1, , , , , ,74,3,74,0,3,0,74,3,0.09,0.09,0.76,0.0,0.7362637362637363
user0509,1,0,1,0.58,0.3,0.6,0.78,0.17,3909,194,3539,370,53,141,165,4,0.09,0.82,0.6,0.8021978021978021,0.5604395604395604
user0510,1,0,1,0.75,0.65,0.93,0.94,0.44,1525,110,1309,216,24,86,0,0,0.18,0.0,0.9,-0.2195121951219512,0.8780487804878048
user0511,1,0,1,0.75,0.1,0.6,0.78,0.72,2912,97,2689,223,50,47,0,0,0.18,0.82,0.85,0.7804878048780486,0.8170731707317072
user0512,1,0,1,0.5,0.25,0.6,0.67,0.67,7718,643,5784,1934,124,519,7074,627,0.0,0.73,0.96,0.73,0.96
user0513,1,1,1,0.83,0.55,0.8,0.89,1,0,0,0,0,0,0,0,0,0.0,0.73,0.5,0.73,0.5
user0514,1,1,1,0.67,0.55,0.4,0.5,0.61,0,0,0,0,0,0,0,0,0.27,0.0,0.8,-0.36986301369863017,0.726027397260274
user0515,1,1,1,0.75,0.75,0.87,1,0.72,3396,268,1911,1485,37,231,1979,215,0.0,1.0,0.91,1.0,0.91
user0516,1,1,1,1,0.8,1,0.94,0.67,962,208,576,386,25,183,962,208,0.18,0.82,0.88,0.7804878048780486,0.8536585365853657
user0517,1,1,1,0.17,0.55,0.47,0.83,0.83,5741,771,4001,1740,105,666,0,0,0.18,0.64,0.89,0.5609756097560975,0.8658536585365852
user0518,1,0,1,0.83,0.9,0.93,0.83,0.67,8379,677,4875,3504,162,515,8379,677,0.45,0.91,0.93,0.8363636363636363,0.8727272727272727
user0519,1,1,0,0.67,0.55,1,0.83,0.89,0,0,0,0,0,0,0,0,0.18,0.0,0.0,-0.2195121951219512,-0.2195121951219512
user0520,1,1,1,0.67,0.8,1,0.94,0.72,8781,560,6329,2452,94,466,8781,560,0.36,0.82,0.95,0.7187499999999999,0.9218749999999999
user0521,1,0,1,0.67,0.55,0.8,0.78,0.67,13652,718,5834,7818,152,566,13304,691,0.55,0.91,0.98,0.8,0.9555555555555555
user0522,1,1,1,0.58,0.5,0.6,0.72,0.39,954,113,752,202,22,91,954,113,0.18,0.55,0.92,0.45121951219512196,0.9024390243902438
user0523,1,1,1,0.75,0.75,0.73,0.72,0.56,0,0,0,0,0,0,0,0,0.45,0.73,0.96,0.509090909090909,0.9272727272727272
user0524,1,1,1,0.58,0.65,0.73,0.72,0.67,1056,105,711,345,29,76,1056,105,0.18,0.0,0.61,-0.2195121951219512,0.5243902439024389
user0525,1,1,1,0.67,0.45,0.73,0.67,0.67,1004,239,619,385,21,218,1004,239,0.73,0.91,0.94,0.6666666666666669,0.7777777777777776
user0526,1,1,1,0.33,0.6,0.27,0.28,0.5,0,0,0,0,0,0,0,0,0.09,0.64,0.32,0.6043956043956045,0.25274725274725274
user0527,1,0,1,0.42,0.25,0.6,0.67,0.17,3157,252,2044,1113,26,226,3157,252,0.18,0.36,0.93,0.2195121951219512,0.9146341463414633
user0528,1,1,1,0.5,0.25,0.67,0.61,0.61,0,0,0,0,0,0,0,0,0.0,0.73,0.54,0.73,0.54
user0529,1,1,1,0.58,0.35,0.6,0.72,0.39,0,0,0,0,0,0,0,0,0.09,0.0,0.69,-0.0989010989010989,0.6593406593406593
user0530,1,0,1,0.5,0.4,0.8,0.44,0.5,1946,168,1473,473,36,132,0,0,0.0,0.0,0.75,0.0,0.75
user0531,1,1,1,0.58,0.4,0.8,0.5,0.5,662,48,484,178,17,31,0,0,0.09,0.27,0.83,0.19780219780219782,0.8131868131868132
user0532,1,1,1,0.33,0.25,0.47,0.5,0.44,0,0,0,0,0,0,0,0,0.18,0.18,0.56,0.0,0.4634146341463415
user0533,1,0,1,0.58,0.5,0.6,0.72,0.61,10562,586,6987,3575,150,436,0,0,0.09,0.0,0.82,-0.0989010989010989,0.8021978021978021
user0534,1,0,1,0.58,0,0.87,0.83,0.44,10054,706,7233,2821,219,487,9942,701,0.09,0.73,0.87,0.7032967032967032,0.8571428571428571
user0535,1, ,1, , , , , ,3773,198,2516,1257,30,168,0,0,0.0,0.45,0.7,0.45,0.7
user0536,1,1,1,0.58,0.15,0.67,0.72,0.5,0,0,0,0,0,0,0,0,0.0,0.0,0.56,0.0,0.56
user0537,1,1,1,0.42,0.1,0.87,0.56,0.83,0,0,0,0,0,0,0,0,0.09,0.0,0.91,-0.0989010989010989,0.9010989010989011
user0538,1,1,1,0.67,0.7,1,0.5,0.5,410,12,410,0,12,0,0,0,0.36,0.09,0.52,-0.421875,0.25000000000000006
user0539,1,1,1,0.58,0.6,0.67,0.67,0.67,1848,290,1273,575,43,247,0,0,0.27,0.82,1.0,0.7534246575342465,1.0
user0540,1,1,1,0.75,0.7,1,0.67,0.67,2110,74,1893,217,34,40,2110,74,0.0,0.91,0.9,0.91,0.9
user0541,1,1,1,0.25,0.5,0.67,0.39,0.56,0,0,0,0,0,0,0,0,0.18,0.73,0.78,0.6707317073170732,0.7317073170731708
user0542,1,0,1,0.67,0.65,0.87,0.83,0.83,978,23,978,0,23,0,978,23,0.27,0.82,0.89,0.7534246575342465,0.8493150684931507
user0543,1,1,1,0.33,0.25,0.33,0.5,0.5,0,0,0,0,0,0,0,0,0.09,0.27,0.59,0.19780219780219782,0.5494505494505494
user0544,1,1,1,0.58,0.3,0.67,0.83,0.78,0,0,0,0,0,0,0,0,0.09,0.18,0.44,0.0989010989010989,0.3846153846153846
user0545,1, ,0, , , , , ,91,2,91,0,2,0,91,2,0.55,0.0,0.0,-1.2222222222222225,-1.2222222222222225
user0546,1,1,1,0.75,0.7,0.87,0.83,0.94,1226,165,931,295,28,137,1226,165,0.55,0.0,0.83,-1.2222222222222225,0.6222222222222221
user0547,1,1,1,0.58,0.45,0.6,0.67,0.67,638,99,423,215,15,84,638,99,0.18,0.91,0.97,0.8902439024390243,0.9634146341463414
user0548,1,0,1,0.75,0.5,1,0.78,0.67,677,108,517,160,20,88,677,108,0.0,0.09,0.6,0.09,0.6
user0549,1,1,1,0.58,0.5,0.67,0.78,0.83,0,0,0,0,0,0,0,0,0.09,0.27,0.75,0.19780219780219782,0.7252747252747253
user0550,1,1,1,0.83,0.7,1,0.67,0.89,4507,857,2825,1682,108,749,3282,574,0.91,0.64,0.98,-3.0000000000000013,0.7777777777777775
user0551,1,1,1,0.58,0.65,0.47,0.78,0.33,6312,464,3506,2806,87,377,6312,464,0.73,0.0,0.92,-2.7037037037037033,0.7037037037037038
user0552,1,1,0,0.58,0.7,0.73,0.89,1,0,0,0,0,0,0,0,0,0.09,0.0,0.0,-0.0989010989010989,-0.0989010989010989
user0553,1,0,1,0.58,0.9,0.73,0.83,0.17,1936,243,1266,670,23,220,0,0,0.18,0.73,0.94,0.6707317073170732,0.9268292682926829
user0554,1,1,1,0.5,0.7,0.6,0.61,0.5,4982,51,4982,0,51,0,0,0,0.27,0.0,0.85,-0.36986301369863017,0.7945205479452054
user0555,1,1,1,0.58,0.5,0.6,0.61,0.44,132,3,132,0,3,0,132,3,0.27,0.82,0.87,0.7534246575342465,0.821917808219178
user0557,1,1,1,0.58,0.5,0.73,0.61,0.83,0,0,0,0,0,0,0,0,0.09,0.64,0.91,0.6043956043956045,0.9010989010989011
user0558,1,1,0,0.5,0.45,0.6,0.44,0.83,0,0,0,0,0,0,0,0,0.0,0.0,0.0,0.0,0.0
user0559,1,0,0,0.5,0.5,0.8,0.67,0.67,0,0,0,0,0,0,0,0,0.09,0.0,0.0,-0.0989010989010989,-0.0989010989010989
user0560,1,0,1,0.25,0.3,0.2,0.5,0.5,6429,186,5935,494,94,92,0,0,0.0,0.27,0.57,0.27,0.57
user0561,1,1,1,0.58,0.55,0.53,0.61,0.67,591,44,539,52,18,26,0,0,0.82,0.73,0.7,-0.49999999999999967,-0.6666666666666664
user0562,1,1,0,0.42,0.45,0.6,0.56,0.44,0,0,0,0,0,0,0,0,0.09,0.0,0.0,-0.0989010989010989,-0.0989010989010989
user0563,1,1,1,0.5,0.35,0.6,0.33,0.61,8759,181,8695,64,159,22,0,0,0.0,0.73,0.92,0.73,0.92
user0564,1,1,1,0.42,0.55,0.67,0.39,0.5,3189,322,2257,932,67,255,3189,322,0.09,0.0,0.95,-0.0989010989010989,0.945054945054945
user0565,1,0,0,0.75,0.35,0.67,0.72,0.17,0,0,0,0,0,0,0,0,0.27,0.0,0.0,-0.36986301369863017,-0.36986301369863017
user0566,1,1,1,0.42,0.45,0.53,0.39,0.56,897,117,681,216,18,99,0,0,0.18,0.55,0.95,0.45121951219512196,0.9390243902439024
user0567,1,1,1,0.33,0.5,0.6,0.61,0.44,1163,328,0,1163,0,328,0,0,0.18,0.36,0.29,0.2195121951219512,0.13414634146341461
user0568,1,1,0,0.5,0,0.33,0.61,0.17,0,0,0,0,0,0,0,0,0.0,0.0,0.0,0.0,0.0
user0569,1,1,0,0.58,0.5,0.67,0.67,0.67,0,0,0,0,0,0,0,0,0.45,0.0,0.0,-0.8181818181818181,-0.8181818181818181
user0570,1,1,1,0.42,0.45,0.6,0.67,0.11,0,0,0,0,0,0,0,0,0.18,0.55,0.66,0.45121951219512196,0.5853658536585366
user0571,1,0,1,0.42,0.3,0.53,0.78,0.72,0,0,0,0,0,0,0,0,0.18,0.45,0.67,0.32926829268292684,0.5975609756097561
user0572,1,0,1,0.58,0.6,0.87,0.83,0,0,0,0,0,0,0,0,0,0.0,0.0,0.0,0.0,0.0
user0573,1,0,1,0.58,0.5,0.67,0.67,0.67,893,104,563,330,23,81,0,0,0.0,0.55,0.9,0.55,0.9
user0574,1,1,1,0.67,0.85,1,0.83,0.5,1338,118,1156,182,35,83,0,0,0.0,0.0,0.8,0.0,0.8
user0575,1,1,1,0.42,0.6,0.47,0.67,0.5,1118,184,669,449,28,156,938,116,0.09,0.27,0.87,0.19780219780219782,0.8571428571428571
user0576,1,0,1,0.17,0.15,0.33,0.33,0.06,858,125,605,253,25,100,858,125,0.27,0.36,0.6,0.12328767123287668,0.4520547945205479
user0577,1,0,0,0.5,0.6,0.73,0.78,0.56,0,0,0,0,0,0,0,0,0.64,0.0,0.0,-1.777777777777778,-1.777777777777778
user0578,1,0,1,0.42,0.55,0.4,0.61,0.61,14389,821,7644,6745,130,691,2214,196,0.18,0.82,0.95,0.7804878048780486,0.9390243902439024
user0579,1,0,0,0.67,0.1,1,0.83,0.17,0,0,0,0,0,0,0,0,0.18,0.0,0.0,-0.2195121951219512,-0.2195121951219512
user0580,1,0,1,0.33,0.25,0.67,0.61,0.33,0,0,0,0,0,0,0,0,0.18,0.36,0.55,0.2195121951219512,0.45121951219512196
user0581,1,1,1,0.75,0.95,0.87,0.83,0.72,63,3,63,0,3,0,0,0,0.82,0.91,0.95,0.5000000000000003,0.7222222222222221
user0582,1, ,0, , , , , ,0,0,0,0,0,0,0,0,0.0,0.0,0.0,0.0,0.0
user0583,1,1,1,0.5,0.75,0.47,0.22,0.67,656,99,389,267,12,87,0,0,0.36,0.82,0.85,0.7187499999999999,0.765625
user0584,1,1,1,0.58,0.6,0.6,0.67,0.83,4363,367,2406,1957,45,322,4312,343,0.36,0.82,0.94,0.7187499999999999,0.9062499999999999
user0585,1,1,0,0.33,0.4,0.53,0.56,0.17,0,0,0,0,0,0,0,0,0.09,0.0,0.0,-0.0989010989010989,-0.0989010989010989
user0586,1, ,0, , , , , ,1416,208,934,482,33,175,1416,208,0.0,0.0,0.0,0.0,0.0
user0587,1, ,0, , , , , ,0,0,0,0,0,0,0,0,0.0,0.0,0.0,0.0,0.0
user0590,1, ,1, , , , , ,0,0,0,0,0,0,0,0,0.0,0.0,0.96,0.0,0.96
user0626,1,0, ,1,1,1,1,1,0,0,0,0,0,0,0,0,0.0,0.0,0.0,0.0,0.0
user0628,1,1,0,0.33,0.1,0.47,0.39,0.5,0,0,0,0,0,0,0,0,0.0,0.0,0.0,0.0,0.0
user0629,1,1,1,0.42,0.6,0.67,0.67,0.72,8354,852,6856,1498,157,695,7461,696,1.0,1.0,0.91,,-inf
user0630,1,1,0,0.67,0.7,0.67,0.78,0,0,0,0,0,0,0,0,0,0.82,0.0,0.0,-4.5555555555555545,-4.5555555555555545
user0631,1,1,1,0.5,0.45,0.6,0.72,0.83,1010,41,981,29,36,5,1010,41,0.09,0.73,0.98,0.7032967032967032,0.978021978021978
user0632,1,1,1,0.67,0.5,0.6,0.56,0.28,0,0,0,0,0,0,0,0,0.09,0.73,0.74,0.7032967032967032,0.7142857142857143
user0633,1,1,1,0.58,0.5,0.67,0.56,0.5,0,0,0,0,0,0,0,0,0.18,0.64,0.93,0.5609756097560975,0.9146341463414633
user0634,1,0,1,0.67,0.4,0.67,0.89,0.83,1046,246,626,420,15,231,0,0,0.0,0.64,0.95,0.64,0.95
user0635,1,1,1,0.42,0.3,0.6,0.67,0.72,2190,315,1415,775,25,290,2190,315,0.18,0.73,0.91,0.6707317073170732,0.8902439024390243
user0636,1,1,1,0.5,0.7,0.53,0.5,0.67,0,0,0,0,0,0,0,0,0.18,0.45,0.86,0.32926829268292684,0.8292682926829267
user0637,1,1,1,0.58,0.3,0.67,0.89,0.72,4155,245,2463,1692,45,200,4155,245,0.18,0.73,0.9,0.6707317073170732,0.8780487804878048
user0638,1,1,1,0.67,0.65,0.6,0.61,0.61,0,0,0,0,0,0,0,0,0.18,0.55,0.92,0.45121951219512196,0.9024390243902438
user0639,1,1,1,0.58,0.05,0.6,0.61,0.61,0,0,0,0,0,0,0,0,0.18,0.0,0.57,-0.2195121951219512,0.4756097560975609
user0640,1,1,1,0.5,0.3,0.67,0.5,0.56,3783,72,3681,102,50,22,0,0,0.09,0.55,0.81,0.5054945054945056,0.7912087912087913
user0641,1,0,1,0.33,0.55,0.47,0.72,0.94,3616,456,2557,1059,93,363,3616,456,0.09,0.18,0.55,0.0989010989010989,0.5054945054945056
user0642,1,0,1,0.92,0.65,0.8,0.94,0.78,15046,842,7703,7343,124,718,12489,690,0.18,1.0,0.99,1.0,0.9878048780487805
user0643,1,1,1,0.58,0.65,0.93,0.83,0,0,0,0,0,0,0,0,0,0.36,0.73,0.79,0.578125,0.6718750000000001
user0644,1,1,1,0.67,0.5,0.93,0.72,0.61,0,0,0,0,0,0,0,0,0.18,0.36,0.73,0.2195121951219512,0.6707317073170732
user0645,1,1,1,0.58,0.65,0.6,0.78,0.78,1431,173,1075,356,25,148,0,0,0.18,0.91,0.9,0.8902439024390243,0.8780487804878048
user0646,1,1,1,0.58,0.25,0.6,0.67,0.5,0,0,0,0,0,0,0,0,0.09,0.27,0.82,0.19780219780219782,0.8021978021978021
user0647,1,1,0,0.5,0.6,0.73,0.78,0.83,0,0,0,0,0,0,0,0,0.45,0.0,0.0,-0.8181818181818181,-0.8181818181818181
user0648,1,1,1,0.67,0.5,0.8,0.89,0.67,2450,323,2061,389,87,236,2450,323,0.18,0.27,0.69,0.10975609756097564,0.6219512195121951
user0649,1,1,1,0.58,0.4,0.67,0.61,0.67,0,0,0,0,0,0,0,0,0.09,0.36,0.73,0.2967032967032967,0.7032967032967032
user0650,1,1,1,0.67,0.6,0.67,1,0.78,7075,498,5079,1996,73,425,2938,269,0.27,0.91,0.92,0.8767123287671234,0.8904109589041096
user0651,1,1,1,0.67,0.5,1,0.83,0.83,6233,593,4670,1563,109,484,5311,527,0.73,0.91,0.93,0.6666666666666669,0.7407407407407409
user0652,1,0,1,0.58,0.6,0.73,0.78,0.72,1639,209,1274,365,39,170,1501,206,0.27,1.0,0.99,1.0,0.9863013698630136
user0653,1,1,1,0.75,0.85,0.8,0.56,0.61,3348,387,2663,685,54,333,0,0,0.82,0.0,0.94,-4.5555555555555545,0.6666666666666664
user0654,1,1,1,0.67,1,1,1,0,0,0,0,0,0,0,0,0,0.09,0.55,0.89,0.5054945054945056,0.8791208791208791
user0655,1,1,0,0.67,0.7,0.73,0.67,0.5,0,0,0,0,0,0,0,0,0.73,0.0,0.0,-2.7037037037037033,-2.7037037037037033
user0656,1,1,0,0.58,0,0.6,0.67,0.5,0,0,0,0,0,0,0,0,0.09,0.0,0.0,-0.0989010989010989,-0.0989010989010989
user0657,1,1,1,0.42,0.65,0.6,1,0.5,1549,59,1370,179,37,22,0,0,0.09,0.45,0.61,0.3956043956043956,0.5714285714285714
user0658,1,1,1,0.58,0.75,0.6,0.56,0.5,1188,111,977,211,25,86,1188,111,0.18,0.73,0.61,0.6707317073170732,0.5243902439024389
user0659,1,1,1,0.58,0.1,0.87,0.83,0.83,4193,328,2754,1439,64,264,4193,328,0.09,0.64,0.95,0.6043956043956045,0.945054945054945
user0660,1,1,1,0.67,0.8,1,0.83,0.89,6261,802,4907,1354,154,648,5055,603,0.64,0.82,0.85,0.49999999999999983,0.5833333333333333
user0661,1,0,1,0.33,0.55,0.8,0.83,0.22,0,0,0,0,0,0,0,0,0.0,0.0,0.95,0.0,0.95
user0662,1,0,1,0.5,0.4,0.73,0.83,0.83,529,79,175,354,5,74,32,15,0.0,0.0,0.53,0.0,0.53
user0663,1,1,1,0.58,0.5,0.6,0.78,0.33,3065,59,3006,59,50,9,0,0,0.36,0.64,0.79,0.43750000000000006,0.6718750000000001
user0664,1,0,0,0.5,0.3,0.6,0.44,0.17,0,0,0,0,0,0,0,0,0.09,0.0,0.0,-0.0989010989010989,-0.0989010989010989
user0665,1,0,1,0.5,0.2,0.33,0.67,0.78,302,29,251,51,13,16,0,0,0.18,0.0,0.86,-0.2195121951219512,0.8292682926829267
user0666,1,1,0,0.92,0.9,0.73,0.83,0.83,0,0,0,0,0,0,0,0,0.27,0.0,0.0,-0.36986301369863017,-0.36986301369863017
user0667,1,1,1,0.58,0.45,0.73,0.67,0.83,2343,194,2024,319,43,151,0,0,0.36,0.73,0.85,0.578125,0.765625
user0668,1,1,1,0.67,0.35,0.67,0.78,0.72,2070,80,2062,8,78,2,0,0,0.09,0.55,0.89,0.5054945054945056,0.8791208791208791
user0669,1,1,1,0.92,0.6,0.87,0.94,1,0,0,0,0,0,0,0,0,0.18,0.0,0.84,-0.2195121951219512,0.8048780487804876
user0670,1,0,1,0.42,0.55,0.67,0.78,0.78,0,0,0,0,0,0,0,0,0.64,1.0,0.92,1.0,0.7777777777777779
user0671,1,1,1,0.58,0.5,0.73,0.72,0.56,0,0,0,0,0,0,0,0,0.18,0.18,0.44,0.0,0.3170731707317073
user0672,1,0,1,0.42,0.45,0.67,0.72,0,0,0,0,0,0,0,0,0,0.09,0.64,0.62,0.6043956043956045,0.5824175824175825
user0673,1,1,1,0.33,0,0.67,0.44,0.33,2239,227,1751,488,34,193,0,0,0.0,0.55,0.79,0.55,0.79
user0674,1,1,1,0.5,0.2,0.67,0.61,0.39,0,0,0,0,0,0,0,0,0.45,0.36,0.54,-0.16363636363636366,0.16363636363636366
user0675,1,0,0,0.5,0.45,0.67,0.61,0.67,0,0,0,0,0,0,0,0,0.09,0.0,0.0,-0.0989010989010989,-0.0989010989010989
user0676,1,1,1,0.67,0.85,0.93,0.78,0.94,0,0,0,0,0,0,0,0,0.82,0.0,0.84,-4.5555555555555545,0.11111111111111117
user0677,1,0,1,0.42,0.35,0.67,0.72,0.72,2369,605,1099,1270,41,564,1623,365,0.09,0.64,0.71,0.6043956043956045,0.6813186813186813
user0678,1,0,1,0.5,0.35,0.4,0.56,0.5,889,96,641,248,16,80,889,96,0.27,0.91,0.91,0.8767123287671234,0.8767123287671234
user0679,1,1,1,0.75,0.5,0.67,0.89,0.67,120,4,120,0,4,0,120,4,0.09,0.64,0.95,0.6043956043956045,0.945054945054945
user0680,1,1,1,0.58,0.75,0.67,0.83,0.67,8406,697,6121,2285,167,530,8406,697,0.73,1.0,0.96,1.0,0.8518518518518517
user0683,1,0,1,0.5,0.05,0.73,0.72,0.72,0,0,0,0,0,0,0,0,0.09,0.45,0.7,0.3956043956043956,0.6703296703296703
user0684,1,0,1,0.25,0.15,0.6,0.33,0.44,8433,666,6696,1737,179,487,8433,666,0.09,0.36,0.5,0.2967032967032967,0.45054945054945056
user0685,1,1,1,0.5,0.4,0.47,0.33,0.39,0,0,0,0,0,0,0,0,0.09,0.73,0.96,0.7032967032967032,0.956043956043956
user0686,1,0,1,0.92,0.75,0.93,0.83,0.44,1248,137,742,506,23,114,914,91,0.0,0.64,0.89,0.64,0.89
user0687,1, ,1, , , , , ,0,0,0,0,0,0,0,0,0.0,0.0,0.34,0.0,0.34
user0688,1,1,1,0.67,0.1,0.67,0.56,0.72,0,0,0,0,0,0,0,0,0.18,0.64,0.85,0.5609756097560975,0.8170731707317072
user0689,1,1,1,0.5,0.4,0.67,0.67,0.5,0,0,0,0,0,0,0,0,0.18,0.45,0.6,0.32926829268292684,0.5121951219512194
user0690,1,0,1,0.42,0,0.67,0.5,0.5,1124,151,691,433,8,143,0,0,0.09,0.55,0.91,0.5054945054945056,0.9010989010989011
user0691,1,0,1,0.42,0.35,0.8,0.28,0.61,0,0,0,0,0,0,0,0,0.09,0.36,0.73,0.2967032967032967,0.7032967032967032
user0692,1,1,1,0.5,0.7,0.73,0.61,0.72,0,0,0,0,0,0,0,0,0.36,0.55,0.87,0.2968750000000001,0.796875
user0693,1,0,1,0.58,0.7,0.87,0.89,0.83,0,0,0,0,0,0,0,0,0.27,0.0,0.77,-0.36986301369863017,0.684931506849315
user0694,1,0,0,0.67,0.7,0.67,0.78,0.28,69,3,69,0,3,0,69,3,0.0,0.0,0.0,0.0,0.0
user0695,1,0,1,0.33,1,0.73,0.5,0.5,2657,223,2254,403,42,181,0,0,0.0,0.09,0.85,0.09,0.85
user0696,1,1,1,0.5,0.15,0.4,0.67,0.5,0,0,0,0,0,0,0,0,0.09,0.0,0.51,-0.0989010989010989,0.46153846153846156
user0697,1,1,1,0.5,0.7,0.4,0.33,0.61,0,0,0,0,0,0,0,0,0.18,0.18,0.56,0.0,0.4634146341463415
user0698,1,1,1,0.42,0.5,0.47,0.44,0.5,1372,239,1134,238,64,175,1372,239,0.27,0.0,0.53,-0.36986301369863017,0.35616438356164387
user0699,1,1,0,0.42,0.5,0.53,0.5,0.72,0,0,0,0,0,0,0,0,0.09,0.0,0.0,-0.0989010989010989,-0.0989010989010989
user0700,1,1,1,0.5,0.65,0.67,0.56,0.5,357,127,0,357,0,127,357,127,0.0,0.36,0.63,0.36,0.63
user0701,1,0,1,0.75,0.5,1,0.89,0.72,1410,105,795,615,14,91,1142,103,0.09,0.36,0.91,0.2967032967032967,0.9010989010989011
user0702,1,1,0,0.42,0.5,0.53,0.67,0.67,0,0,0,0,0,0,0,0,0.09,0.0,0.0,-0.0989010989010989,-0.0989010989010989
user0703,1,1,1,0.5,0.65,0.8,0.78,0.72,2106,411,774,1332,27,384,2106,411,0.09,0.0,0.67,-0.0989010989010989,0.6373626373626374
user0704,1,1,1,0.42,0.65,0.73,0.72,0.33,0,0,0,0,0,0,0,0,0.27,0.0,0.55,-0.36986301369863017,0.3835616438356165
user0705,1,1,1,0.5,0.75,0.73,0.44,0.28,26,9,9,17,1,8,0,0,0.36,0.0,0.6,-0.5625,0.375
user0706,1,1,0,0.67,0.75,0.67,0.67,0.67,0,0,0,0,0,0,0,0,0.73,0.0,0.0,-2.7037037037037033,-2.7037037037037033
user0707,1,0,1,0.67,0.25,0.8,0.61,0.44,3170,161,2724,446,59,102,3170,161,0.09,0.0,0.47,-0.0989010989010989,0.4175824175824176
user0708,1,1,0,0.67,0.75,0.8,0.83,0.5,0,0,0,0,0,0,0,0,0.36,0.0,0.0,-0.5625,-0.5625
user0709,1,1,1,0.67,0.65,0.73,0.56,0.44,0,0,0,0,0,0,0,0,0.36,0.0,0.46,-0.5625,0.15625000000000006
user0710,1,0,1,0.67,0.6,0.87,0.78,0.83,1604,277,1175,429,27,250,0,0,0.18,0.45,0.86,0.32926829268292684,0.8292682926829267
user0711,1, ,0, , , , , ,0,0,0,0,0,0,0,0,0.0,0.0,0.0,0.0,0.0
user0715,1, ,1, , , , , ,0,0,0,0,0,0,0,0,0.0,0.0,0.41,0.0,0.41
user0752,1,0,1,0.67,0.65,0.93,0.83,0.83,0,0,0,0,0,0,0,0,0.18,0.55,0.89,0.45121951219512196,0.8658536585365852
user0753,1,1,1,0.58,0.55,0.87,0.67,0,657,84,551,106,16,68,657,84,0.09,0.64,0.91,0.6043956043956045,0.9010989010989011
user0754,1,1,0,0.5,0.65,0.53,0.67,0.5,5617,970,3935,1682,247,723,5497,878,0.18,0.18,0.0,0.0,-0.2195121951219512
user0755,1,1,1,0.33,0,0.67,0.5,0.5,0,0,0,0,0,0,0,0,0.18,0.0,0.5,-0.2195121951219512,0.39024390243902435
user0756,1,0,1,0.5,0.6,0.67,0.61,0.72,0,0,0,0,0,0,0,0,0.09,0.36,0.79,0.2967032967032967,0.7692307692307693
user0757,1,1,1,0.67,0.5,0.87,0.67,0.56,0,0,0,0,0,0,0,0,0.0,0.0,0.86,0.0,0.86
user0758,1,1,1,0.5,0.6,0.67,0.5,0,2152,52,2091,61,37,15,2005,50,0.55,1.0,1.0,1.0,1.0
user0759,1,1,1,0.58,0.5,0.67,0.67,0.67,404,41,277,127,8,33,404,41,0.18,0.55,0.83,0.45121951219512196,0.7926829268292681
user0760,1,1,1,0.67,0.45,0.73,0.89,0.67,7587,859,5860,1727,140,719,1819,232,0.09,0.91,0.97,0.9010989010989011,0.967032967032967
user0761,1,1,1,0.92,1,0.8,1,1,5053,786,2566,2487,67,719,5053,786,0.82,0.91,0.94,0.5000000000000003,0.6666666666666664
user0762,1,1,1,0.83,0.7,0.67,0.83,0.56,3311,378,2801,510,65,313,1630,189,0.27,1.0,0.9,1.0,0.863013698630137
user0763,1,0,1,0.58,0.5,0.6,0.83,0.61,0,0,0,0,0,0,0,0,0.09,0.64,0.86,0.6043956043956045,0.8461538461538461
user0764,1,1,1,0.5,0.45,0.6,0.56,0.44,0,0,0,0,0,0,0,0,0.18,0.91,0.98,0.8902439024390243,0.975609756097561
user0765,1,1,1,0.33,0.4,0.6,0.5,0,0,0,0,0,0,0,0,0,0.09,0.45,0.82,0.3956043956043956,0.8021978021978021
user0766,1,1,1,1,0.9,0.8,0.83,0.56,0,0,0,0,0,0,0,0,0.55,0.0,0.9,-1.2222222222222225,0.7777777777777778
user0767,1,1,1,0.67,0.75,1,0.83,0.94,1400,173,986,414,27,146,1252,162,0.73,0.91,0.79,0.6666666666666669,0.2222222222222224
user0768,1,1,1,0.33,0.5,0.67,0.67,0.61,6178,137,5879,299,88,49,6178,137,0.09,0.0,0.6,-0.0989010989010989,0.5604395604395604
user0769,1,1,1,0.67,0.45,0.93,0.89,0.83,972,106,795,177,33,73,972,106,0.09,0.73,0.85,0.7032967032967032,0.8351648351648352
user0770,1,1,1,0.17,0.25,0.33,0.28,0.22,0,0,0,0,0,0,0,0,0.09,0.0,0.66,-0.0989010989010989,0.6263736263736264
user0771,1,1,0,0.58,0.6,0.8,0.56,0.83,1394,189,1111,283,23,166,1394,189,0.0,0.0,0.0,0.0,0.0
user0772,1,1,1,0.92,0.9,1,1,0.61,4393,322,3663,730,80,242,4393,322,0.45,0.82,0.9,0.6727272727272726,0.8181818181818181
user0773,1,0,1,0.67,0.75,0.6,0.72,0.83,1384,105,853,531,17,88,1384,105,0.36,0.64,0.88,0.43750000000000006,0.8125
user0774,1,1,0,0.58,0.35,0.67,0.83,0.78,0,0,0,0,0,0,0,0,0.64,0.0,0.0,-1.777777777777778,-1.777777777777778
user0775,1,1,0,0.75,0.3,0.87,0.89,0.22,1165,60,969,196,23,37,1165,60,0.18,0.0,0.0,-0.2195121951219512,-0.2195121951219512
user0776,1,1,1,0.67,0.75,0.67,0.83,0.78,0,0,0,0,0,0,0,0,0.18,0.91,0.88,0.8902439024390243,0.8536585365853657
user0777,1,0,1,0.58,0.2,0.67,0.67,0.44,0,0,0,0,0,0,0,0,0.09,0.64,0.89,0.6043956043956045,0.8791208791208791
user0778,1,0,1,0.33,0.45,0.53,0.61,0.5,2275,408,1174,1101,41,367,2275,408,0.09,0.0,0.31,-0.0989010989010989,0.24175824175824176
user0779,1,1,1,0.5,0.6,0.8,0.94,0.78,0,0,0,0,0,0,0,0,0.36,0.55,0.79,0.2968750000000001,0.6718750000000001
user0780,1, ,0, , , , , ,0,0,0,0,0,0,0,0,0.09,0.0,0.0,-0.0989010989010989,-0.0989010989010989
user0781,1,0,1,0.5,0.45,0.6,0.67,0.44,205,10,205,0,10,0,205,10,0.27,0.0,0.66,-0.36986301369863017,0.5342465753424658
user0782,1,1,1,0.58,0.1,0.67,0.67,0.67,0,0,0,0,0,0,0,0,0.09,0.64,0.77,0.6043956043956045,0.7472527472527473
user0783,1,1,1,0.42,0.1,0.8,0.78,0.56,0,0,0,0,0,0,0,0,0.18,0.55,0.8,0.45121951219512196,0.7560975609756099
user0784,1,1,1,0.58,0.65,0.67,0.72,0.67,0,0,0,0,0,0,0,0,0.18,1.0,0.92,1.0,0.9024390243902438
user0785,1,1,1,0.42,0.15,0.53,0.39,0.56,0,0,0,0,0,0,0,0,0.09,0.82,0.94,0.8021978021978021,0.934065934065934
user0786,1,0,1,0.5,0.1,0.53,0.78,0.44,0,0,0,0,0,0,0,0,0.09,0.36,0.68,0.2967032967032967,0.6483516483516484
user0787,1,1,1,1,0.65,0.73,0.67,0.67,88,4,88,0,4,0,88,4,0.09,0.82,0.93,0.8021978021978021,0.9230769230769231
user0788,1,1,0,0.5,0.3,0.6,0.44,0.22,3448,164,2171,1277,49,115,3448,164,0.09,0.0,0.0,-0.0989010989010989,-0.0989010989010989
user0789,1,1,0,0.33,0.25,0.8,0.5,0.67,0,0,0,0,0,0,0,0,0.09,0.0,0.0,-0.0989010989010989,-0.0989010989010989
user0790,1,0,1,0.5,0.35,0.67,0.61,0.5,3863,327,2761,1102,55,272,0,0,0.18,0.45,0.65,0.32926829268292684,0.573170731707317
user0791,1,1,1,0.5,0.65,0.47,0.5,0.56,6494,876,4608,1886,203,673,0,0,0.09,0.73,0.69,0.7032967032967032,0.6593406593406593
user0792,1,1,1,0.25,0.3,0.6,0.83,1,1387,125,1091,296,39,86,1387,125,0.09,0.64,0.87,0.6043956043956045,0.8571428571428571
user0793,1,1,1,0.67,0.55,0.87,0.89,0.5,0,0,0,0,0,0,0,0,0.0,0.91,0.63,0.91,0.63
user0794,1,1,0,0.75,0.5,0.8,0.94,0.67,728,96,543,185,17,79,728,96,0.09,0.0,0.0,-0.0989010989010989,-0.0989010989010989
user0795,1,1,1,0.67,0.65,0.73,0.83,0.56,0,0,0,0,0,0,0,0,0.18,0.0,0.79,-0.2195121951219512,0.7439024390243903
user0796,1,1,1,0.5,0.45,0.53,0.89,0.72,1538,106,1243,295,22,84,1538,106,0.18,0.0,0.52,-0.2195121951219512,0.4146341463414634
user0797,1,0,1,0.58,0.35,0.67,0.67,0.44,2305,383,786,1519,18,365,0,0,0.18,0.82,0.89,0.7804878048780486,0.8658536585365852
user0798,1,1,1,0.92,0.85,0.93,0.83,0.72,2705,73,2519,186,43,30,2267,69,0.09,0.45,0.92,0.3956043956043956,0.9120879120879122
user0799,1,1,1,0.5,0.35,0.73,0.61,0.17,0,0,0,0,0,0,0,0,0.09,0.82,0.91,0.8021978021978021,0.9010989010989011
user0800,1,0,1,0.5,0.5,0.53,0.61,0.67,2470,136,1170,1300,21,115,2470,136,0.27,0.0,0.89,-0.36986301369863017,0.8493150684931507
user0801,1,1,1,0.67,0.65,0.67,0.56,0.28,0,0,0,0,0,0,0,0,0.09,0.0,0.86,-0.0989010989010989,0.8461538461538461
user0802,1,0,0,0.5,0.6,0.87,0.61,0.11,34,2,34,0,2,0,34,2,0.64,0.0,0.0,-1.777777777777778,-1.777777777777778
user0803,1,1,1,0.42,0.45,0.67,0.5,0.22,1048,381,330,718,13,368,0,0,0.09,0.45,0.25,0.3956043956043956,0.1758241758241758
user0804,1,0,1,0.25,0,0.13,0.72,0.5,0,0,0,0,0,0,0,0,0.18,0.36,0.6,0.2195121951219512,0.5121951219512194
user0805,1,1,1,0.5,0.5,0.87,0.67,0.72,0,0,0,0,0,0,0,0,0.09,0.0,0.45,-0.0989010989010989,0.3956043956043956
user0806,1,1,1,0.42,0.7,0.67,0.72,0.33,0,0,0,0,0,0,0,0,0.27,1.0,0.67,1.0,0.5479452054794521
user0807,1,0,1,0.58,0.05,0.73,0.67,0.67,852,101,518,334,14,87,852,101,0.09,0.55,0.91,0.5054945054945056,0.9010989010989011
user0808,1,1,1,0.42,0.55,0.67,0.61,0.61,1910,352,1159,751,28,324,1910,352,0.36,0.0,0.88,-0.5625,0.8125
user0809,1, ,0, , , , , ,0,0,0,0,0,0,0,0,0.0,0.0,0.0,0.0,0.0
user0810,1,1,1,0.67,0.15,0.53,0.61,0.67,0,0,0,0,0,0,0,0,0.18,0.91,0.92,0.8902439024390243,0.9024390243902438
user0811,1,1,1,0.25,0.45,0.53,0.5,0.44,0,0,0,0,0,0,0,0,0.09,0.0,0.89,-0.0989010989010989,0.8791208791208791
user0812,1,1,1,0.42,0.35,0.67,0.44,0.39,164,5,162,2,4,1,0,0,0.0,0.64,0.88,0.64,0.88
user0813,1,1,1,0.58,0.55,0.8,0.72,0.61,0,0,0,0,0,0,0,0,0.18,0.0,0.9,-0.2195121951219512,0.8780487804878048
user0814,1,1,1,0.58,0.65,0.67,0.78,0.72,0,0,0,0,0,0,0,0,0.09,0.18,0.65,0.0989010989010989,0.6153846153846154
user0815,1,0,1,0.67,0.3,0.6,0.5,0.39,648,46,553,95,20,26,0,0,0.09,0.73,0.94,0.7032967032967032,0.934065934065934
user0816,1,0,1,0.67,0.65,0.67,0.83,0.67,0,0,0,0,0,0,0,0,0.18,0.0,0.66,-0.2195121951219512,0.5853658536585366
user0817,1,1,1,0.58,0.65,0.6,0.78,0.78,9428,776,6909,2519,156,620,0,0,0.18,0.73,0.76,0.6707317073170732,0.7073170731707318
user0818,1,1,1,0.33,0.35,0.47,0.22,0.5,10801,819,9025,1776,153,666,0,0,0.55,0.0,0.83,-1.2222222222222225,0.6222222222222221
user0819,1,1,1,0.67,0.5,0.67,0.83,0.83,1450,376,593,857,13,363,0,0,0.18,0.82,0.83,0.7804878048780486,0.7926829268292681
user0820,1,1,0,0.58,0.25,0.53,0.5,0.5,0,0,0,0,0,0,0,0,0.09,0.0,0.0,-0.0989010989010989,-0.0989010989010989
user0821,1,0,1,0.75,0.5,0.73,0.94,0.67,1562,83,1267,295,31,52,723,53,0.27,0.82,0.94,0.7534246575342465,0.9178082191780821
user0822,1,1,0,0.67,0.5,0.53,0.5,0.5,0,0,0,0,0,0,0,0,0.09,0.0,0.0,-0.0989010989010989,-0.0989010989010989
user0823,1,1,0,0.33,0.25,0.6,0.78,0.56,0,0,0,0,0,0,0,0,0.0,0.0,0.0,0.0,0.0
user0824,1,1,1,0.58,0.25,0.47,0.5,0,3812,585,2328,1484,76,509,3812,585,0.0,0.82,0.94,0.82,0.94
user0825,1,0,1,0.33,0.2,0.6,0.5,0.61,2850,340,2284,566,79,261,150,5,0.09,0.45,0.95,0.3956043956043956,0.945054945054945
user0826,1,1,1,0.58,0.6,0.67,0.72,0.5,0,0,0,0,0,0,0,0,0.45,0.36,0.94,-0.16363636363636366,0.8909090909090908
user0827,1,1,1,0.75,0.6,0.67,0.72,0.67,839,112,652,187,24,88,0,0,0.18,0.27,0.82,0.10975609756097564,0.7804878048780486
user0828,1,1,1,0.5,0.35,1,0.56,0.67,1033,112,799,234,13,99,983,89,0.09,0.55,0.87,0.5054945054945056,0.8571428571428571
user0829,1,1,1,0.58,0.2,0.6,0.67,0.67,0,0,0,0,0,0,0,0,0.09,1.0,0.95,1.0,0.945054945054945
user0830,1, ,0, , , , , ,0,0,0,0,0,0,0,0,0.0,0.0,0.0,0.0,0.0
user0831,1,1,1,0.58,0.2,1,0.67,1,0,0,0,0,0,0,0,0,0.27,0.64,0.88,0.5068493150684932,0.8356164383561644
user0832,1,1,0,0.75,0.8,1,0.83,0.67,4138,730,2924,1214,106,624,0,0,0.91,0.0,0.0,-10.111111111111114,-10.111111111111114
user0833,1,1,1,0.5,1,0.67,1,1,0,0,0,0,0,0,0,0,0.09,0.0,0.47,-0.0989010989010989,0.4175824175824176
user0834,1,1,0,0.5,0.5,0.67,0.61,0.61,0,0,0,0,0,0,0,0,0.0,0.0,0.0,0.0,0.0
user0835,1,0,1,0.5,0.15,0.93,0.56,0.33,0,0,0,0,0,0,0,0,0.09,0.0,0.51,-0.0989010989010989,0.46153846153846156
user0836,1, ,1, , , , , ,0,0,0,0,0,0,0,0,0.0,0.0,0.81,0.0,0.81
user0837,1, ,0, , , , , ,0,0,0,0,0,0,0,0,0.0,0.0,0.0,0.0,0.0
user0838,1, ,1, , , , , ,5071,145,4370,701,53,92,660,38,0.0,0.55,0.84,0.55,0.84
user0840,1, ,1, , , , , ,0,0,0,0,0,0,0,0,0.0,0.0,0.55,0.0,0.55
user0877,1,1,1,0.5,0.5,0.6,0.28,0.5,0,0,0,0,0,0,0,0,0.09,0.45,0.57,0.3956043956043956,0.5274725274725275
user0878,1,1,1,0.58,0.6,0.67,0.83,0.67,2948,425,2084,864,81,344,0,0,0.27,0.73,0.93,0.6301369863013698,0.904109589041096
user0879,1,1,1,0.67,0.4,0.6,0.83,0.44,0,0,0,0,0,0,0,0,0.18,0.82,0.99,0.7804878048780486,0.9878048780487805
user0880,1,1,1,0.5,0.65,0.53,0.56,0.61,6080,766,4995,1085,157,609,0,0,0.36,0.45,0.71,0.14062500000000003,0.546875
user0881,1,1,1,0.5,0.55,0.6,0.5,0.83,0,0,0,0,0,0,0,0,0.0,0.0,0.68,0.0,0.68
user0882,1,1,1,0.83,0.65,0.6,1,1,7060,272,6537,523,151,121,0,0,0.18,0.73,1.0,0.6707317073170732,1.0
user0883,1,1,1,0.75,0.75,0.73,0.89,0.89,3072,44,3072,0,44,0,256,7,0.09,0.64,0.97,0.6043956043956045,0.967032967032967
user0884,1,1,1,0.58,0.55,0.73,0.5,0.56,1553,238,1170,383,32,206,44,1,0.0,0.36,0.84,0.36,0.84
user0885,1,1,1,0.58,0.3,0.67,0.78,0.67,783,93,626,157,13,80,783,93,0.27,0.45,0.7,0.2465753424657534,0.5890410958904109
user0886,1,1,1,0.58,0.65,0.67,0.89,0.56,0,0,0,0,0,0,0,0,0.09,0.0,0.65,-0.0989010989010989,0.6153846153846154
user0887,1,1,1,0.67,0.8,0.93,0.67,0.78,0,0,0,0,0,0,0,0,0.27,0.0,0.91,-0.36986301369863017,0.8767123287671234
user0888,1,1,0,0.5,0.5,0.67,0.39,0.56,753,125,526,227,30,95,753,125,0.18,0.0,0.0,-0.2195121951219512,-0.2195121951219512
user0889,1,1,1,0.58,0.15,0.67,0.5,0.28,0,0,0,0,0,0,0,0,0.09,0.27,0.64,0.19780219780219782,0.6043956043956045
user0890,1,1,1,0.83,0.4,0.93,0.83,1,734,98,561,173,16,82,0,0,0.18,0.45,0.64,0.32926829268292684,0.5609756097560975
user0891,1,1,1,0.67,0.65,0.73,1,0.67,494,102,361,133,19,83,0,0,0.09,0.45,0.93,0.3956043956043956,0.9230769230769231
user0892,1,1,1,0.5,0.45,0.8,0.61,0.56,20118,1209,14815,5303,367,842,18459,1046,0.09,0.64,0.54,0.6043956043956045,0.4945054945054946
user0893,1,1,1,0.67,0.05,1,0.28,0.39,0,0,0,0,0,0,0,0,0.09,0.09,0.64,0.0,0.6043956043956045
user0894,1,1,0,0.5,0.15,0.67,0.78,0,0,0,0,0,0,0,0,0,0.0,0.0,0.0,0.0,0.0
user0895,1,1,1,0.5,0.3,0.67,0.72,0.83,0,0,0,0,0,0,0,0,0.09,0.36,0.96,0.2967032967032967,0.956043956043956
user0896,1,0,1,0.83,0.9,0.87,0.89,0.83,3155,460,1781,1374,41,419,3155,460,0.09,0.0,0.87,-0.0989010989010989,0.8571428571428571
user0897,1,1,1,0.58,0.2,0.67,0.5,0.5,390,86,234,156,7,79,0,0,0.09,0.45,0.9,0.3956043956043956,0.8901098901098902
user0898,1,1,1,0.83,0.7,0.93,0.78,0.72,1549,271,863,686,25,246,0,0,0.18,0.45,0.39,0.32926829268292684,0.25609756097560976
user0899,1,0,1,0.83,0.75,0.93,0.83,0.56,10630,626,6667,3963,81,545,10630,626,0.27,0.91,0.9,0.8767123287671234,0.863013698630137
user0900,1,1,1,0.75,0.85,0.87,0.83,0.78,1275,260,852,423,38,222,1214,256,0.91,0.91,0.89,0.0,-0.2222222222222225
user0901,1,1,0,0.33,0.1,0.6,0.72,0.28,0,0,0,0,0,0,0,0,0.09,0.0,0.0,-0.0989010989010989,-0.0989010989010989
user0902,1,0,1,0.58,0.5,0.6,0.78,0.78,4905,624,3547,1358,101,523,4905,624,0.18,0.55,0.53,0.45121951219512196,0.4268292682926829
user0903,1,1,1,0.83,0.6,1,0.83,0.83,0,0,0,0,0,0,0,0,0.09,0.0,0.77,-0.0989010989010989,0.7472527472527473
user0904,1,1,1,0.58,0.7,0.67,0.56,0.67,1945,28,1935,10,27,1,0,0,0.27,0.0,0.81,-0.36986301369863017,0.7397260273972603
user0905,1,1,1,0.42,0.55,0.6,0.61,0.17,0,0,0,0,0,0,0,0,0.27,0.0,0.86,-0.36986301369863017,0.8082191780821918
user0906,1,1,1,0.5,0.7,0.6,0.5,0.72,0,0,0,0,0,0,0,0,0.18,0.09,0.69,-0.1097560975609756,0.6219512195121951
user0907,1,1,1,0.58,0.8,0.8,0.89,0.67,0,0,0,0,0,0,0,0,0.09,1.0,0.95,1.0,0.945054945054945
user0908,1,0,1,0.58,0.4,0.6,0.72,0.72,0,0,0,0,0,0,0,0,0.18,0.82,0.86,0.7804878048780486,0.8292682926829267
user0909,1,0,1,0,0,0.33,0.56,0.5,549,67,386,163,21,46,530,64,0.09,0.0,0.27,-0.0989010989010989,0.19780219780219782
user0910,1,1,1,0.58,0.35,0.67,0.72,0.61,0,0,0,0,0,0,0,0,0.27,0.73,0.95,0.6301369863013698,0.9315068493150684
user0911,1,1,0,0.33,0.55,1,0.83,0.33,0,0,0,0,0,0,0,0,0.09,0.0,0.0,-0.0989010989010989,-0.0989010989010989
user0912,1,0,1,0.75,0.55,0.87,0.78,0.78,6209,602,4433,1776,97,505,6209,602,0.18,1.0,0.98,1.0,0.975609756097561
user0913,1,1,0,0.75,0.65,0.93,0.78,0.78,0,0,0,0,0,0,0,0,0.18,0.0,0.0,-0.2195121951219512,-0.2195121951219512
user0914,1,0,1,0.67,0.7,0.87,0.94,0.83,1295,187,944,351,16,171,709,106,0.27,0.55,0.96,0.3835616438356165,0.9452054794520548
user0915,1,0,1,0.58,0.55,0.93,0.89,0.67,0,0,0,0,0,0,0,0,0.09,0.27,0.55,0.19780219780219782,0.5054945054945056
user0916,1,0,1,0.5,0.25,0.6,0.72,0.83,451,86,316,135,12,74,451,86,0.0,0.73,0.86,0.73,0.86
user0918,1,1,1,0.83,0.75,0.93,0.72,0.72,45,2,45,0,2,0,45,2,0.55,0.0,0.96,-1.2222222222222225,0.911111111111111
user0919,1,0,0,0.17,0.25,0.2,0.22,0.33,3490,518,2545,945,78,440,3490,518,0.27,1.0,0.0,1.0,-0.36986301369863017
user0920,1,0,1,0.5,0.65,0.47,0.22,0.44,2685,267,2089,596,31,236,2466,266,0.09,0.64,0.89,0.6043956043956045,0.8791208791208791
user0921,1,1,1,0.67,0.9,0.87,0.67,0.61,0,0,0,0,0,0,0,0,0.45,0.0,0.85,-0.8181818181818181,0.7272727272727272
user0922,1,1,0,0.75,1,0.93,1,0.89,78,1,78,0,1,0,78,1,0.91,0.0,0.0,-10.111111111111114,-10.111111111111114
user0923,1,1,1,0.58,0.5,0.6,0.61,0.56,596,102,452,144,12,90,596,102,0.0,0.73,0.57,0.73,0.57
user0924,1,1,1,0.58,0.45,0.67,0.94,0.5,0,0,0,0,0,0,0,0,0.27,0.0,0.84,-0.36986301369863017,0.7808219178082191
user0925,1,1,1,0.58,0.35,0.67,0.72,0.83,1814,256,1204,610,26,230,0,0,0.18,0.0,0.61,-0.2195121951219512,0.5243902439024389
user0926,1,1,1,0.33,0.45,0.33,0.5,0.5,0,0,0,0,0,0,0,0,0.27,0.73,0.76,0.6301369863013698,0.6712328767123288
user0927,1,1,1,0.75,0.3,0.93,0.94,0.78,822,142,593,229,67,75,822,142,0.0,0.64,0.9,0.64,0.9
user0928,1,0,0,0.42,0.55,0.87,0.67,0,0,0,0,0,0,0,0,0,0.09,0.0,0.0,-0.0989010989010989,-0.0989010989010989
user0929,1,1,1,0.5,0.6,0.6,0.67,0.5,0,0,0,0,0,0,0,0,0.18,0.36,0.78,0.2195121951219512,0.7317073170731708
user0930,1,1,1,0.58,0.65,0.73,0.56,0.56,1056,103,923,133,22,81,383,91,0.55,0.73,0.86,0.3999999999999999,0.6888888888888889
user0931,1,1,1,0.67,0.6,0.47,0.56,0.56,0,0,0,0,0,0,0,0,0.45,0.0,0.92,-0.8181818181818181,0.8545454545454545
user0932,1,0,0,0.33,0.1,0.47,0.56,0.44,0,0,0,0,0,0,0,0,0.09,0.0,0.0,-0.0989010989010989,-0.0989010989010989
user0933,1,0,1,0.33,0.25,0.6,0.33,0.33,0,0,0,0,0,0,0,0,0.09,0.09,0.75,0.0,0.7252747252747253
user0934,1,0,1,1,1,0.93,1,1,831,113,538,293,16,97,528,56,0.0,0.64,0.86,0.64,0.86
user0935,1,1,0,0.67,0.4,0.6,0.78,0.67,0,0,0,0,0,0,0,0,0.09,0.0,0.0,-0.0989010989010989,-0.0989010989010989
user0936,1,1,1,0.58,0.65,0.53,0.67,0.39,0,0,0,0,0,0,0,0,0.0,0.09,0.25,0.09,0.25
user0937,1,1,1,0.58,0.2,0.93,0.67,0.72,0,0,0,0,0,0,0,0,0.09,0.27,0.55,0.19780219780219782,0.5054945054945056
user0938,1,1,1,0.5,0.6,0.67,0.67,0.83,0,0,0,0,0,0,0,0,0.18,0.18,0.86,0.0,0.8292682926829267
user0939,1,0,1,0.5,0.6,0.87,0.83,0.39,0,0,0,0,0,0,0,0,0.09,0.36,0.86,0.2967032967032967,0.8461538461538461
user0940,1,0,1,0.5,0.05,0.67,0.61,0.5,0,0,0,0,0,0,0,0,0.18,0.27,0.92,0.10975609756097564,0.9024390243902438
user0941,1,1,0,0.5,0.25,0.6,0.5,0.5,0,0,0,0,0,0,0,0,0.0,0.0,0.0,0.0,0.0
user0942,1,1,1,0.33,0.25,0.6,0.61,0.67,14238,645,6781,7457,103,542,11420,534,0.27,0.82,0.96,0.7534246575342465,0.9452054794520548
user0943,1,1,1,0.58,0.65,0.6,0.83,0.61,0,0,0,0,0,0,0,0,0.0,0.36,0.58,0.36,0.58
user0944,1,1,0,0.75,0.65,0.73,0.83,0.67,0,0,0,0,0,0,0,0,0.18,0.0,0.0,-0.2195121951219512,-0.2195121951219512
user0945,1, ,0, , , , , ,0,0,0,0,0,0,0,0,0.0,0.0,0.0,0.0,0.0
user0947,1,1,1,0.58,0.5,0.6,0.5,0.5,0,0,0,0,0,0,0,0,0.0,0.45,0.9,0.45,0.9
user0948,1,1,0,0.58,0.8,0.67,0.83,0,0,0,0,0,0,0,0,0,0.55,0.0,0.0,-1.2222222222222225,-1.2222222222222225
user0949,1,1,0,0.58,0.35,0.8,0.72,0.28,0,0,0,0,0,0,0,0,0.09,0.0,0.0,-0.0989010989010989,-0.0989010989010989
user0950,1,1,1,0.58,0.6,0.67,0.61,0.67,224,96,0,224,0,96,211,90,0.27,0.45,0.9,0.2465753424657534,0.863013698630137
user0951,1,1,1,0.42,0.7,0.8,0.61,0.5,0,0,0,0,0,0,0,0,0.45,0.36,0.58,-0.16363636363636366,0.23636363636363625
user0952,1,1,0,1,0.85,1,1,1,0,0,0,0,0,0,0,0,0.64,0.0,0.0,-1.777777777777778,-1.777777777777778
user0953,1,1,1,0.5,0.1,0.67,0.56,0.56,1422,74,1316,106,37,37,474,25,0.09,0.64,0.91,0.6043956043956045,0.9010989010989011
user0954,1,1,0,0.92,0.8,1,0.83,0.61,3799,55,3654,145,44,11,3799,55,0.45,0.0,0.0,-0.8181818181818181,-0.8181818181818181
user0955,1, ,0, , , , , ,0,0,0,0,0,0,0,0,0.0,0.0,0.0,0.0,0.0
user0956,1,1,1,0.42,0.55,0.67,0.39,0.67,0,0,0,0,0,0,0,0,0.09,0.27,0.59,0.19780219780219782,0.5494505494505494
user0957,1,0,1,0.75,0.85,0.93,0.83,0.67,0,0,0,0,0,0,0,0,0.64,0.0,0.97,-1.777777777777778,0.9166666666666666
user0958,1,0,1,0.67,0.4,1,0.94,0.56,0,0,0,0,0,0,0,0,0.45,0.55,0.38,0.18181818181818185,-0.1272727272727273
user0959,1,1,0,0.58,0.75,0.93,0.78,0.67,1632,88,947,685,32,56,1632,88,0.45,0.0,0.0,-0.8181818181818181,-0.8181818181818181
user0960,1,1,0,0.5,0.75,0.67,0.72,0.72,0,0,0,0,0,0,0,0,0.09,0.0,0.0,-0.0989010989010989,-0.0989010989010989
user0961,1, ,0, , , , , ,0,0,0,0,0,0,0,0,0.0,0.0,0.0,0.0,0.0
user0962,1, ,0, , , , , ,0,0,0,0,0,0,0,0,0.0,0.0,0.0,0.0,0.0
user0963,1, ,0, , , , , ,0,0,0,0,0,0,0,0,0.0,0.0,0.0,0.0,0.0
user0964,1, ,1, , , , , ,0,0,0,0,0,0,0,0,0.0,0.0,0.67,0.0,0.67
